atom_id,spearman_age,biserial_sex
0,0.053023280530720356,0.01370820119644941
1,-0.008225113568509815,-0.02081920648673624
2,0.0,0.0
3,0.1585944148318486,0.041047681252258515
4,0.0,0.0
5,0.0,0.0
6,0.0,0.0
7,-0.05410271291448652,-0.08153525877179256
8,-0.05597931905939766,-0.021448321109445525
9,0.142977468901708,-0.02581590115456681
10,0.0,0.0
11,0.06637076308854956,0.03919523505432306
12,0.07470041552800265,0.016395729616812463
13,-0.08036187606229642,0.0759852253262387
14,0.005938949059510886,0.007437711354454753
15,-0.03805509967259618,0.014341130760558696
16,0.0,0.0
17,0.001065587353635868,-0.06245172588821006
18,0.0,0.0
19,0.013507062940632829,0.008450093215727556
20,-0.006459043165439316,0.0045253984208369746
21,0.0,0.0
22,-0.10281686029857322,-0.03464878649560916
23,0.0,0.0
24,0.002057817543524759,-0.018829870490385335
25,0.0,0.0
26,0.0004096820948714601,0.012400972562810562
27,0.0,0.0
28,0.0,0.0
29,-0.20443423314618392,-0.011923401644255528
30,0.0,0.0
31,0.0,0.0
32,0.008390814679989348,-0.002727506474840577
33,0.0,0.0
34,0.0,0.0
35,-0.04323134659510772,0.014792477728706913
36,-0.022327516819923933,-0.017933147528957055
37,0.0848945088854059,0.021109472187954115
38,0.0,0.0
39,-0.059582916953488885,-0.037824029694537624
40,0.0,0.0
41,0.04585416978942263,0.02387028837499874
42,0.025805917098198947,0.015365387983580336
43,0.0,0.0
44,0.10939550966682074,-0.0036476748104453944
45,0.0,0.0
46,-0.00971168899057257,0.05327884496676405
47,0.0,0.0
48,0.0,0.0
49,0.004197702254121128,0.001381830309288912
50,0.0,0.0
51,0.023099718914595398,-0.018464216797279102
52,0.0,0.0
53,-0.04567543553238422,-0.021739490965061444
54,0.017243833218884008,0.0078885829955527
55,0.0693751654709255,0.010574544602201445
56,0.0,0.0
57,-0.043405714602161694,0.004095936539795239
58,-0.1065272385618376,0.002157447209188517
59,0.029012037553146904,-0.0018225066350951542
60,-0.031092127614610113,0.0030852361615771227
61,0.08422591936744163,0.033204554702086386
62,0.0,0.0
63,0.0,0.0
64,0.0,0.0
65,0.0038952884951271973,0.012085813122407288
66,0.0,0.0
67,0.07931384457561874,0.04963819341503946
68,0.0,0.0
69,0.09801264575691179,0.005492319789223989
70,0.0,0.0
71,-0.013489613613436589,-0.0161477680319938
72,0.0,0.0
73,0.0,0.0
74,0.00389368762002654,-0.01839582384990647
75,0.0018530103668924908,0.011998164150736505
76,0.11150281235615232,0.07247814260198401
77,0.006644147395295249,0.012414724806188854
78,0.0,0.0
79,0.032404403800194354,-0.05414828634078872
80,0.0,0.0
81,-0.05672636898596958,-0.06804864668075093
82,0.0015442487599029535,-0.002253824440027709
83,-0.0011403010430709602,0.0017371991862728771
84,0.04034192793101108,0.05768633749722575
85,0.07590832053255568,0.04338366668381645
86,-0.06338738309910703,0.11144326753144992
87,0.001199925260961991,0.010372993587917635
88,-0.040441184223180895,-0.01902538391011998
89,0.006495722436460224,-0.01951515484734585
90,0.0,0.0
91,-0.09489251815833491,-0.010814969871782428
92,0.0,0.0
93,0.0,0.0
94,0.0,0.0
95,0.049413029797941786,0.04122995865711748
96,0.0,0.0
97,0.0,0.0
98,0.0,0.0
99,-0.02567263656240894,-0.04882989277830266
100,0.08576027322948844,0.014549529882997651
101,-0.07586438749095512,-0.0011654659468080311
102,0.0,0.0
103,0.10841141790177868,0.12147918725859602
104,0.0,0.0
105,0.0,0.0
106,0.03790696731803475,-0.04664068570052491
107,0.0,0.0
108,0.0,0.0
109,0.08786650188122003,0.0221802238545163
110,-0.04522126980689931,0.0278904180976123
111,0.013061574071826565,-0.0075986211354090475
112,0.08324370029841223,0.06250024086392832
113,0.0,0.0
114,0.08041716245450566,0.046798198335825394
115,-0.15164881971638136,-0.04552211182703952
116,0.034416471343419894,-0.018735899696164446
117,0.0,0.0
118,0.08382923955315491,0.03727177829217639
119,0.0,0.0
120,0.0734680608905138,0.03648568785133788
121,0.042508531920802124,0.01953032087792732
122,0.05856093218833323,0.024479598758705687
123,0.0,0.0
124,0.06258297159930332,-0.015167961215471754
125,0.0031746447262496137,0.0030568289839656695
126,0.0929779479555331,0.03792349356572302
127,0.024294083864583753,0.013315447298442215
128,0.13749047108887025,0.019072849324235842
129,0.0,0.0
130,0.0,0.0
131,0.027166995487361345,0.027559909559234624
132,0.04468210496814525,0.009004768384064847
133,0.0,0.0
134,0.042266600404600764,0.02998022212640027
135,0.0,0.0
136,0.0016588954205131229,0.008786752973640599
137,0.061153350031161686,0.01393680039359828
138,0.0,0.0
139,0.052968151471705194,0.042681669933714375
140,0.05533475558396576,-0.006356544619495994
141,0.0015320543104799834,0.0014122640055662717
142,-0.0645615648695988,0.00022760480315807055
143,-0.018465689252223187,-0.008222535525002421
144,0.0,0.0
145,0.02618210338838272,0.008321074320972335
146,0.0,0.0
147,0.0,0.0
148,-0.023907289166456347,-0.02019387826836045
149,0.01500615867771097,0.017957059983627708
150,0.0,0.0
151,0.0,0.0
152,0.0,0.0
153,-0.05715342446899929,-0.018861373236753028
154,0.0,0.0
155,0.008481924206052623,0.029979186286209547
156,0.008259670904052939,0.035304805627646756
157,-0.003928889289245926,-0.0030823295067374536
158,-0.05257854807121213,-0.002998923128802444
159,0.04625023673560277,-0.04281746084097573
160,0.0,0.0
161,0.06126143837209963,0.017054346163101274
162,-0.09165225074210055,-0.04373173752808224
163,0.07538594900010244,0.005361488370693608
164,0.05321935320432586,0.020085459544859092
165,0.013401298225256314,-0.03803252598743079
166,0.0012606735662784505,-0.0047564409951696305
167,0.0,0.0
168,0.03673785510729051,-0.037585226748171045
169,0.0,0.0
170,0.04901624482922642,0.022903554401110138
171,0.025531355041344978,0.04336038925462982
172,0.0,0.0
173,0.06472980072042087,0.045320497815421225
174,0.03275973686523727,-0.013843575551881341
175,0.07410258318488613,0.03435596395230986
176,0.0,0.0
177,-0.007562771706025902,-0.008760979659527844
178,0.05632332499238502,0.017089600433743857
179,0.044761505306079044,0.01625532536800854
180,0.10536538847203863,0.03716351751970465
181,0.0,0.0
182,0.02333101466134283,-0.010859237439018751
183,0.015588467538952497,0.024041482203420953
184,0.0,0.0
185,0.07580255880192334,0.023658490006828726
186,0.0,0.0
187,-0.06450729112159816,-0.1058748697745363
188,-0.020185733289004,-0.019517995874233265
189,0.03964184416812316,0.06555615372254564
190,-0.09130757858444043,-0.025195989339330274
191,0.0,0.0
192,0.0,0.0
193,0.010018067793601284,0.0008077630180640491
194,0.0,0.0
195,0.0,0.0
196,0.0,0.0
197,0.0,0.0
198,-0.09363812178761546,-0.04324221877909022
199,0.0,0.0
200,0.0,0.0
201,0.008952461722274794,0.013101266729229037
202,-0.2013477562227158,-0.14699712283858588
203,0.0,0.0
204,0.056521617306975795,0.017019822926616236
205,0.0,0.0
206,-0.04382002380324455,-0.004131250611169248
207,0.037199704854056215,0.042386544438762705
208,-0.030402811338835968,-0.04384102852730734
209,0.09684580105608755,0.04950843914528832
210,0.0,0.0
211,0.010583094569722002,0.023830124306120838
212,0.066387845422809,0.029743484256555913
213,-0.028278885380567595,-0.07087230661960785
214,0.056433799303585754,-0.025929837176318072
215,0.0,0.0
216,0.08487620154748007,0.051088572547700994
217,0.0,0.0
218,0.11307325958564655,0.031621995050379235
219,-0.04100584699391209,0.021834456258561716
220,0.0,0.0
221,0.047840412125369165,0.008656346654949547
222,0.0,0.0
223,0.0,0.0
224,0.043323243562427595,0.020661229821012914
225,-0.020539649474935067,-0.016474672775417382
226,0.104144980107721,0.05127461223541817
227,0.0,0.0
228,0.0,0.0
229,0.09919338597847689,0.059093769288803354
230,-0.028835051220259506,0.06342499931624457
231,-0.09345651808090338,0.01922007542357113
232,0.10342043430158439,-0.012483176358542758
233,0.10613155522055456,0.029191121803149676
234,0.0,0.0
235,0.0,0.0
236,0.029318246432656483,0.0022348336537038487
237,0.0025555590276679072,-0.05691178452713966
238,0.023837548081051294,-0.07692105036185387
239,0.09576557763770506,0.025486836234946155
240,0.0,0.0
241,-0.031850906393368426,-0.06556750545026155
242,0.0,0.0
243,-0.04952635565545183,-0.011748224743404296
244,-0.05386176913218309,-0.0096173236089851
245,-0.06156980535974848,-0.019155829036915553
246,-0.043960805090336404,-0.009819517892182494
247,0.02091096374131991,0.01393887388352016
248,0.02992826201973714,0.021770298608529935
249,0.0,0.0
250,0.0,0.0
251,0.05145068676371635,-0.030661131939398376
252,-0.0014896296383132644,0.02706442669936115
253,0.0,0.0
254,0.0023122973458758753,0.0013560665605009917
255,0.023016269022619176,0.005492450341311009
256,0.0,0.0
257,0.0,0.0
258,0.0031888271726226293,-0.000341590593151201
259,0.0,0.0
260,0.06797888255009044,-0.04726858905107711
261,0.001168580824915301,-0.014954867399378907
262,0.0,0.0
263,0.0,0.0
264,0.00818935109679128,0.02863976234904587
265,-0.002304373085849987,0.012881571551462226
266,-0.002734436115522861,-0.0058538563292742235
267,0.0,0.0
268,0.13370352129743912,0.02811285961370099
269,0.0,0.0
270,0.10391666503373587,0.05332393480176143
271,-0.02561270260981409,-0.04006634071500992
272,0.001821243925191993,-0.0574437292647883
273,0.0393674749129699,0.08192233477550229
274,-0.00943795162127281,0.012038497605503686
275,-0.011357994167617467,0.02401382416153528
276,0.0,0.0
277,0.0,0.0
278,0.0,0.0
279,0.0,0.0
280,0.0,0.0
281,0.0,0.0
282,-0.13244212174709113,0.07216162772398256
283,0.0,0.0
284,0.0,0.0
285,-0.08018000379296068,-0.020691279020419322
286,-0.044075452731826184,0.005384914939215586
287,0.0,0.0
288,0.0,0.0
289,0.02600044756904117,0.024319407903964214
290,0.0,0.0
291,0.10510092095132112,0.01997669382312599
292,0.02954939454187277,0.011372665918345258
293,0.0,0.0
294,0.0,0.0
295,0.0,0.0
296,0.0,0.0
297,0.0,0.0
298,0.0,0.0
299,0.042692883948458764,0.02233079027545692
300,0.0,0.0
301,-0.19532702357440357,0.005837161163370063
302,0.0,0.0
303,0.00645791718169842,0.005421045336659921
304,0.0,0.0
305,0.0,0.0
306,0.0,0.0
307,0.0,0.0
308,0.09911505829251956,0.03266925100162639
309,-0.009322730523097294,-0.04899062471532433
310,-0.014277151366241471,-0.013311927372927851
311,0.0,0.0
312,0.03136446472725851,-0.0038887062822106993
313,0.06725503025422555,0.0037888773619860435
314,-0.08384158125866913,-0.020352594509317177
315,0.031152425565787432,-0.0049171553781681004
316,0.0,0.0
317,0.0,0.0
318,0.0,0.0
319,-0.018804387296031153,0.03565502877930733
320,0.034144232613020145,0.03432055870787899
321,0.03052335459710435,-0.022397223534028732
322,-0.01982617473892649,0.0386759273600354
323,0.09328017138851921,0.03406465712894155
324,-0.07638961311941614,-0.013269362713144285
325,0.0,0.0
326,0.01652231861614193,0.015508863759495046
327,0.022241706424653722,0.01380452981683079
328,-0.026781950235611602,-0.011792442185534003
329,0.004282812596909375,9.748570745353945e-05
330,0.0,0.0
331,0.0,0.0
332,0.0,0.0
333,-0.008834859248692258,-0.004283699393965211
334,0.041128121777085934,0.029778180424589237
335,-0.01953666386063519,0.010588664189484419
336,0.0,0.0
337,0.00010795027837637437,0.0011209585485733831
338,-0.14823169011621093,-0.07417795364770079
339,-0.1247402796172465,-0.055043057103861585
340,0.031338711089444526,0.026061346970713124
341,0.16238437011842607,0.024828522543374115
342,-0.056647995048431946,0.032089091081408644
343,0.0,0.0
344,0.008974749632350149,-0.020191282798307564
345,0.0,0.0
346,0.08903818283521368,0.03752910648691463
347,0.02566672126282536,0.016644285588126074
348,0.03754204630911785,-0.021901555152960557
349,0.0,0.0
350,0.054808657376872995,0.035492865350792234
351,0.06573607111515219,0.05922270447247518
352,-0.08505410494894781,0.0032714523417843974
353,0.10589064107353675,0.033310434601853636
354,-0.03885286691534912,-0.029909163952850617
355,0.0,0.0
356,0.05074353901748485,0.03226836023478718
357,0.045384357282993636,0.020793292341653127
358,0.0,0.0
359,0.0,0.0
360,0.020448751366110983,-0.04365266462389038
361,0.15255843044494974,-0.002847312289876812
362,0.0,0.0
363,-0.12775701571115614,-0.03433470935262898
364,-0.0011306712070634087,-0.021063938831274834
365,0.04729816470321571,0.007405889052231942
366,0.0,0.0
367,0.040000428852357904,0.01979016831021796
368,0.0,0.0
369,0.0,0.0
370,0.021076534208569583,0.013681618006780671
371,0.0,0.0
372,0.11998201137658018,0.07202422401067138
373,0.009731198393137068,-0.005947108212926732
374,0.06672654452060142,0.030297805732545154
375,0.0,0.0
376,0.0,0.0
377,0.0521133290482146,0.022726444894716254
378,0.009753927311972034,-0.004419153132880759
379,0.0,0.0
380,0.053654793931868096,0.019547238648912852
381,0.0,0.0
382,0.0,0.0
383,0.039674232568138484,-0.0046399950239141
384,0.07589242140083909,0.03204893782370327
385,0.0,0.0
386,0.0,0.0
387,0.06919578522737305,0.033577207625067926
388,-0.12452207164687687,-0.014592655131193786
389,0.0,0.0
390,0.0,0.0
391,0.09786675949955723,-0.0026461270693107935
392,0.0038841302014174187,0.004660355206029182
393,0.0,0.0
394,-0.002809948098259203,0.010524016912886501
395,0.06299899375710351,0.010882052010658614
396,0.05698610355426411,0.043775912561466325
397,0.03362202099348273,-0.011338657836104599
398,-0.1617373581939712,-0.044827507841839656
399,0.0,0.0
400,0.0,0.0
401,-0.02663507466125364,0.0002834271174860076
402,0.0,0.0
403,0.1768483811009264,0.076800460477309
404,-0.017250404337563734,-0.010758401626237509
405,0.05730961561326463,0.010958812028323819
406,0.11283294315157533,-0.005544560179748063
407,0.06513180624986982,0.0213900662804041
408,0.059391185480214236,-0.019990294416775856
409,0.0,0.0
410,0.034834482612962764,0.025237375355720456
411,0.0,0.0
412,0.0,0.0
413,0.0,0.0
414,0.0,0.0
415,-0.004554747631043442,-0.0014213107939507284
416,0.020467024985746707,0.011356322909662106
417,0.03916640054215033,0.03061686986791363
418,0.03852327763703926,0.01308850170598423
419,0.010644407920330692,0.009344564813991478
420,-0.011543921244525315,0.007841655897952726
421,0.0,0.0
422,0.0,0.0
423,0.0629979879674971,0.006469775452465248
424,0.0,0.0
425,-0.017426633463446438,0.00581159978007539
426,0.10230502706927645,0.04926414747131911
427,-0.022879458419599045,-0.026623086938251772
428,0.0,0.0
429,0.07867891112884509,-0.0017135553328641677
430,0.0,0.0
431,0.015263999032849526,-0.011968297129364591
432,0.03254115630856539,0.033634127436996133
433,0.06998721472994508,0.04107146825254327
434,-0.09054213131712956,-0.04321335156262463
435,0.0,0.0
436,0.03211575235591748,0.028181390654244465
437,0.0,0.0
438,0.0,0.0
439,0.04025788001940559,0.00843577591642631
440,0.05967350874092852,-0.02315064100093918
441,-0.007898788286822075,0.0016743975296572378
442,0.0015012538353141188,-0.0014285995312515183
443,-0.050558595417074234,-0.012102244400833505
444,0.0,0.0
445,0.003713245007894186,0.012522895582249753
446,0.00940881535799495,0.010748942028726212
447,-0.08689170478368269,-0.024249221922066685
448,-0.009004672139147801,0.0005089335939828208
449,0.0,0.0
450,0.0,0.0
451,0.0,0.0
452,0.0,0.0
453,0.0,0.0
454,0.02124535077541725,0.01678090191516475
455,0.035491641010304525,-0.002636762364844181
456,0.0,0.0
457,0.03737841374108312,-0.07393761873885929
458,0.0,0.0
459,0.0,0.0
460,0.01816670071811617,-0.0018923039300777612
461,0.0,0.0
462,0.0016198123961944945,0.001531393975475497
463,0.08409328546899147,0.01674564801147
464,-0.05785670293079613,-0.005563882107679687
465,-0.008568253506684673,-0.02310152165283698
466,0.02662098606531163,-0.005267527368773816
467,0.11317106178116992,0.0715514535115749
468,-0.026919851670738872,-0.0027617407784465767
469,0.0,0.0
470,0.0,0.0
471,0.04376750281658775,0.026698009599410714
472,0.005698027535570132,0.0003243272372232523
473,0.012452728616163474,0.009653492535909853
474,-0.023138363691470765,0.00789328952917167
475,0.03329239860562973,0.030433559111772132
476,0.1118881849312023,0.04227559320990868
477,-0.0008892195648347318,-0.0032546273933763137
478,0.0,0.0
479,0.0,0.0
480,0.0,0.0
481,0.0,0.0
482,0.0,0.0
483,-0.16884565066876195,-0.05487492316450943
484,-0.07504947907049972,-0.02599766795410951
485,0.008446107071030724,0.006945952187198681
486,0.10426917607019183,0.005063337039702293
487,0.0,0.0
488,0.004928049657414682,-0.005508298739567539
489,0.0,0.0
490,0.14046937183215016,0.08242047790035592
491,0.0,0.0
492,0.0,0.0
493,0.0,0.0
494,0.0,0.0
495,0.0035540934664908637,0.0020831467596123202
496,0.0,0.0
497,-0.029271825699164235,-0.02037382639101628
498,0.06739662561108516,0.00870116055980739
499,0.0,0.0
500,0.0,0.0
501,0.00908833242818922,0.012765536786217946
502,-0.012188131811996013,-0.062237287828503976
503,0.10454918604866864,0.0473292204135356
504,0.01673243463593233,0.0038952717624738766
505,0.04573495055193254,0.014897484765809425
506,-0.04446106544593159,-0.021902011271046337
507,0.05208860537651059,0.0071214885603490645
508,0.008474975582201833,-0.060569193871023025
509,0.0,0.0
510,-0.03302562814691866,-0.03223194507802029
511,0.041721532218180216,0.01352501994018177
512,-0.020597924107260884,0.03089367966303368
513,0.029816737144594683,0.008465439246993887
514,-0.03204140171193052,-0.018405409660764396
515,0.09454137698249829,0.03772402748169166
516,0.0,0.0
517,0.0,0.0
518,0.09657093024542583,0.01844520105815548
519,0.06315024475992378,0.00914127795919865
520,0.0,0.0
521,0.0,0.0
522,0.04895617224267882,-0.008105459834341504
523,0.12774925395007872,0.05015713547003288
524,-0.06408102872287806,0.03215845157970468
525,0.02611308963031538,0.009751676032981871
526,0.0,0.0
527,-0.06786876530149746,0.013017696834067703
528,0.0,0.0
529,0.0680177977221927,-0.011524278822347972
530,0.0,0.0
531,0.03366675238105594,0.018760362825349017
532,0.003408249582178813,0.0028660767880791206
533,0.0,0.0
534,-0.000608425883325226,0.004994675086315406
535,-0.11665704222624179,-0.0635759368380105
536,0.0,0.0
537,0.0,0.0
538,0.0,0.0
539,0.03041957161031409,-0.0006001725183272266
540,-0.07440990552438302,0.005482951402529534
541,0.0,0.0
542,0.03944194041290414,0.017106489418440694
543,0.047527133146814844,0.0316675457868469
544,-0.010987276222736089,0.08167554119073567
545,0.005286458975167768,0.02950338010938924
546,0.0,0.0
547,0.0,0.0
548,0.0,0.0
549,0.07146515650750171,0.0221603200153261
550,0.0,0.0
551,0.041939836800765684,-0.06101392625904283
552,-0.01433757018892323,-0.006471127656536295
553,0.0010131966911970812,0.004431067003121429
554,-0.05137639657288079,-0.01432949113456893
555,0.04066878151029369,0.04701675636048334
556,0.033133139253370254,0.022094330064785325
557,0.1079824277445889,0.04382868811556458
558,0.0,0.0
559,0.0,0.0
560,0.09187391772123957,0.07225915898365454
561,0.08989277890169663,-0.008848099579242107
562,0.10058579632305989,0.02860137756659304
563,-0.06603087280259787,-0.025606445589893636
564,-0.03713499762287389,0.04983815714310368
565,0.06616538160487972,0.03075090694891921
566,-0.05461513109913303,-0.006063867241660265
567,0.004469620310044694,0.015121874078530198
568,0.10037982074686375,0.027249827630123853
569,0.16200674603521587,0.09177774958265636
570,0.02328080004838896,0.022110607683063953
571,0.05532757887391899,-0.0024034986234276324
572,0.1088176647323097,0.03040691237420534
573,0.04310424933663906,0.03485421073213955
574,0.0,0.0
575,0.04552627289044658,0.010996055600226838
576,0.04188957171506585,-0.04584273652500977
577,0.02459865216581927,0.06805874666375805
578,0.0,0.0
579,0.0,0.0
580,0.0,0.0
581,-0.07413777230329105,-0.05624226004805506
582,-0.02208310664373298,-0.08574636704238892
583,0.0,0.0
584,0.0,0.0
585,0.06500799866536439,0.005590326963320211
586,-0.0027534471891974754,0.04542381734556301
587,0.013623257398734658,-0.024470518554577356
588,0.0037628269146893377,-0.021027995759058303
589,-0.004747541493062206,0.004898097855176972
590,0.026463847615890414,-0.0050477106606973
591,0.0,0.0
592,0.0,0.0
593,-0.06593126584708843,-0.0028924102692869788
594,0.010647279468789284,0.012401040450302133
595,0.0,0.0
596,0.037055690385394094,0.004783875811376836
597,0.0,0.0
598,0.03661752724241959,0.027002549254040546
599,0.00010480364820922944,0.002980383561089857
600,0.005326798437838741,-0.009247259708473515
601,0.0,0.0
602,0.02834799914615191,-0.04372291990774093
603,0.02791688399367594,-0.0024709583550823365
604,0.009734347249293639,-0.026376018778320926
605,0.0,0.0
606,-0.011614804610274736,0.0023336204106993723
607,0.0,0.0
608,0.0,0.0
609,0.05147294368384402,0.025678247318655607
610,0.12231857300171535,0.049810226757819334
611,0.0084286016915496,0.03347348404798795
612,0.0,0.0
613,0.020518185373922793,-0.005405983461123869
614,0.024398779597660642,0.06458103556770564
615,-0.0028271483076826734,0.10606380852461077
616,-0.02136809000952221,0.002358635528031366
617,0.03385527877122945,0.021263044256787204
618,0.007272224735484287,0.004199850071383483
619,0.009664183550959233,0.014515357090867344
620,0.054388347216678824,0.016556713419199467
621,0.0,0.0
622,0.0,0.0
623,0.01745649121605678,0.0019404343626131498
624,0.02248339466723247,0.023491915722154554
625,0.0,0.0
626,0.0,0.0
627,0.0,0.0
628,-0.09952929322189968,-0.0067154703804950195
629,0.012725840381689344,0.0032415987692005046
630,0.00507632296871552,0.0019710822831867066
631,-0.046635437171095945,-0.005617722940695104
632,0.0011700546805214155,0.05637628604039245
633,0.10760576377024218,0.04224652945692511
634,0.022065476308191292,0.0044474145438145075
635,0.02718757489240125,0.015119388326900159
636,0.01232189822709411,0.010285838580503633
637,0.06682468706070534,0.01785659948419789
638,0.08726316253041078,0.0369434329857176
639,0.1181492134550918,0.015629656346284895
640,0.01484769621158859,0.035245940243870386
641,-0.11373303087520803,-0.05167499685487455
642,0.023572484229520446,0.006847757234721333
643,0.02574189462943064,0.02088218929353066
644,-0.07270993751421428,-0.047191662780644836
645,0.023497625487082223,-0.00407566113252294
646,0.0,0.0
647,0.0,0.0
648,-0.0012092162575952595,0.0029916135921766946
649,0.00859003921373455,-0.018977527877482664
650,-0.020048652932824675,0.009425000124773349
651,-0.02529597877711813,0.00533923767392856
652,0.022562668938055093,-0.003770270097612824
653,0.0,0.0
654,0.0,0.0
655,-0.08692927765706142,-0.04000466258715492
656,0.0714948994135024,0.013525243010495406
657,0.0,0.0
658,0.012802598401383987,0.006045714292919408
659,0.0,0.0
660,0.01632684373529969,0.009415786813234416
661,0.0,0.0
662,0.15444544554093756,0.01641914395054925
663,-0.004733474701345724,0.014443517108612131
664,0.05378374653383073,0.022503956560882374
665,-0.0008384780948590433,-0.04017146454524122
666,-0.060146797053398496,-0.05516345166807594
667,0.0,0.0
668,0.0,0.0
669,0.0,0.0
670,-0.03950319896582189,0.03462379725332445
671,0.0,0.0
672,0.059158643421544276,-0.07289390615720653
673,-0.08611041812580164,-0.012847523208570957
674,0.06080091932700104,0.04398612936497421
675,0.0017240530960074287,0.010203764072440816
676,0.0,0.0
677,0.0979180710595741,0.0804729850546553
678,-0.036232985467167134,0.019562939023516836
679,-0.07561419376862039,0.07154133621943291
680,0.06338070753884868,-0.043359544886703426
681,0.0,0.0
682,0.14367778024153946,0.07366774996828307
683,-0.020973898739524554,-0.0030977708482315723
684,0.0,0.0
685,0.049138107140847744,-0.00039185004888352257
686,0.0,0.0
687,0.0,0.0
688,0.03866010641485082,0.012304638646824061
689,0.018122188563656896,-0.007557243262754642
690,-0.06130695166495467,-0.01709368438007359
691,0.0,0.0
692,0.04440131715738151,0.050463808272187216
693,0.018974514304256264,0.023736802822367706
694,0.0,0.0
695,0.08984995951118789,0.032354144031054737
696,0.01653413205499362,0.018536038629992327
697,-0.02068036911338654,-0.011727588543860636
698,-0.02039709552357257,0.012158281826622487
699,0.036422389723853525,0.0201766138444558
700,0.0,0.0
701,0.03015660976187115,0.01499406306575601
702,0.07655369396684021,0.04834623747971845
703,0.015466306829782868,0.0059794322695319365
704,0.0,0.0
705,0.02179713417557413,0.010480936793673408
706,0.018323061480997747,0.0027806798526802162
707,0.034590630936201086,0.026701517060796782
708,0.0,0.0
709,0.0957927595523418,0.06198852850462867
710,0.0,0.0
711,0.059220039496109655,0.005041846458791697
712,0.053979848758819386,0.04081485145321907
713,0.0,0.0
714,0.06031521544771177,0.05121913387086581
715,0.07876794911748056,0.029456378483525628
716,0.015889657955101454,0.009723548449551337
717,0.03715885310134155,0.009152914992740013
718,0.0,0.0
719,0.0,0.0
720,0.04691084903528004,-0.007704856843036034
721,0.0524333662792874,0.024218977162675782
722,0.010144697077400538,0.00625949201376184
723,-0.006263481197884362,-0.024985311283404487
724,-0.12641786118231052,0.03207655296545908
725,-0.039760272096966656,0.011178926112361532
726,-0.09444554366243066,0.00597798149055958
727,0.09419892742453229,0.06185057778108445
728,0.08938152043562707,0.055319561554395186
729,0.0,0.0
730,0.0,0.0
731,0.014407567173684499,-0.025644464211917677
732,0.013828443053925131,0.0049818396614534485
733,-0.0058507937037801305,0.004564072963471351
734,0.0,0.0
735,0.0,0.0
736,0.04444136491672492,0.01739632599683909
737,-0.04583864290237802,0.01548301622999309
738,0.0,0.0
739,0.0,0.0
740,0.1967954787204269,0.06036227049831455
741,0.0,0.0
742,0.06452766775442155,0.017794766842904236
743,-0.11791701842422272,-0.032882904231649364
744,0.0,0.0
745,0.0031656276020871656,0.03582863108765487
746,0.0,0.0
747,0.045995355507852186,0.021005059347659866
748,-0.002102960022538466,-0.01001162788824
749,0.0,0.0
750,0.030787355941576815,0.01623707482078111
751,0.11663509718278373,0.03300727525416117
752,0.0,0.0
753,-0.018650956366092413,0.004257903048138777
754,0.05323074615502641,0.05205917626936986
755,0.0,0.0
756,-0.10906183916704965,0.006047514009348882
757,0.07602723684882591,0.02681609386246795
758,0.0,0.0
759,0.0,0.0
760,0.01189221922643624,0.0498578936604524
761,0.02681759014513137,0.015476046594677152
762,0.0,0.0
763,0.02944365338407542,0.011167313804220275
764,0.0,0.0
765,0.017844607125391425,0.04577744334929334
766,-0.1382102448265861,-0.04392230671243097
767,0.05547069378409718,-0.009179434358375526
768,0.007738872106598914,-0.0032966905537048295
769,0.0008507042174734072,-0.010436383731909991
770,-0.04168182768480433,0.01191703351176337
771,0.01276259136744771,0.022812410124333594
772,0.0,0.0
773,-0.005937925522667061,-0.004721784678681163
774,-0.03114087543420442,-0.02730432915459147
775,0.053953929634708936,-0.008455751473943484
776,0.09911784238916405,0.019788645852347905
777,0.012451483456939466,-0.034201032367253324
778,0.0,0.0
779,0.0,0.0
780,0.0,0.0
781,0.040981667701078466,0.03138244577674216
782,-0.061935923416921015,-0.16359489593508647
783,0.0,0.0
784,-0.02509863185541945,-0.011236923402492523
785,0.02351559698939087,0.0032999760580662636
786,0.0677117884172609,0.00878443206505829
787,-0.047460555435659406,-0.020316903388094464
788,0.022815397649972542,0.024119309105619074
789,0.08167706065612634,0.05733402075266246
790,0.0,0.0
791,-0.14537143654298054,-0.08200902939989037
792,0.0,0.0
793,-0.03605227494626917,-0.028370917081452268
794,0.0,0.0
795,0.03048625613553156,0.008955890375551582
796,0.0,0.0
797,0.010322674299892897,0.002822504831344453
798,0.028663342994197295,0.013988059155727968
799,0.04171312205699973,0.01953526896884232
800,0.02965402849148381,-0.0012262665694091391
801,0.054502149780450364,0.04677725461802895
802,-0.004237503827420039,0.0023360702875074597
803,0.15829631843693026,0.060102714344601
804,0.033464533790266524,0.011894375468853254
805,-0.02087866754887216,-0.03948497785651734
806,0.06112535593995499,0.03334406748318502
807,0.0,0.0
808,-0.060535513892503126,-0.052795474656464836
809,0.0,0.0
810,0.018746756902241698,0.021846796824109047
811,0.0,0.0
812,0.0,0.0
813,0.06847603584801729,0.016500250720050656
814,0.0,0.0
815,0.0,0.0
816,0.13082681150942677,0.008627050271803764
817,0.05475627044515328,0.03143612667098765
818,0.0,0.0
819,-0.0030011349348611016,-0.0026282992775420516
820,-0.027143183015465176,-0.006219922214089052
821,0.029962048381276897,0.03860556269016306
822,0.0,0.0
823,0.14010452996049255,0.03662187688912935
824,0.01490845304023867,-0.010535811838564165
825,0.086931921878932,0.03288965663135585
826,0.0,0.0
827,-0.048899119619382585,-0.014060751871424354
828,0.0746988801373885,0.032611859327924084
829,0.0,0.0
830,0.040693954303790546,0.008023027017641017
831,0.07116743445173661,0.05601318235906834
832,0.05534770318699076,0.02562115776615703
833,0.04875975156336487,0.024811282102839602
834,0.0,0.0
835,-0.0940636190926898,-0.021465064106098226
836,0.0,0.0
837,0.0,0.0
838,-0.06344673437776166,-0.07229242736947795
839,0.0,0.0
840,0.022687800610694978,0.013808889957112838
841,0.12049365892495127,0.0056478282778154995
842,-0.00020707160002694913,0.01890352162947515
843,0.0,0.0
844,-0.13034203543703018,0.015080910444671358
845,-0.07583493579210188,-0.013855818397324915
846,0.021683693430790817,0.0070791276331226526
847,0.0,0.0
848,0.0,0.0
849,0.05933515066991149,0.02768562515414816
850,0.018144518535747296,0.014463993390091582
851,0.0,0.0
852,0.09420986179051548,0.0356389920860797
853,0.0,0.0
854,0.0,0.0
855,0.0032791376344848766,0.01091950339156513
856,0.10402129551420557,0.03864978824432866
857,0.042169283589888286,0.022363454382966115
858,0.0,0.0
859,-0.02700655817763682,-0.0066435510403388765
860,0.0,0.0
861,-0.0013033328252415406,0.00874310214132004
862,0.036219546113708034,0.015225371357828687
863,0.04431702426237611,0.02257520691318376
864,0.013031745374115267,-0.002813801762917801
865,-0.043138941080680906,-0.00258056704375902
866,0.0,0.0
867,-0.12560644539236998,-0.06163485306260115
868,0.0,0.0
869,0.0,0.0
870,0.0,0.0
871,0.0,0.0
872,0.0,0.0
873,0.03303154680782977,0.0033588998233877094
874,0.0,0.0
875,0.0,0.0
876,0.000838084889591181,-0.0031183367697774395
877,-0.0465054783408463,-0.007726683964906591
878,0.09237919149349402,0.008566115795086439
879,0.0,0.0
880,0.03454046578370388,0.02210934895172997
881,0.0,0.0
882,-0.0637328932223112,-0.08561683035888033
883,0.0,0.0
884,0.11508870365472833,0.0551241151453677
885,0.0,0.0
886,0.11926586362219992,0.07403801038745977
887,0.0,0.0
888,-0.10194105506680895,-0.02649048535963714
889,0.07876192645701105,-0.0075522204340733624
890,0.0,0.0
891,0.035933117359828036,0.0027810657875829113
892,0.09730195481808479,0.025850069723331832
893,0.0,0.0
894,0.0,0.0
895,0.0722067406909367,0.03467773490546733
896,0.0,0.0
897,0.04761488285475776,0.021093452184959838
898,-0.0015833994431205022,0.09618086264258324
899,0.06460504510682995,0.01662226050439181
900,0.0,0.0
901,0.0,0.0
902,0.10815889166836402,0.042270112590554194
903,0.11202063188847017,0.010433451856984747
904,0.0037367286591746423,-0.009901357310521369
905,0.03215606786446297,-0.11405189606282481
906,-0.0434469984597455,-0.030045689075541178
907,0.0070029041734303256,0.014989569660604118
908,0.0,0.0
909,-0.1060582353971343,-0.028981677709245687
910,0.0,0.0
911,0.0,0.0
912,0.044403088055677574,-0.01671643318168083
913,-0.00255545062564125,-0.03590174292834038
914,0.02083034006371691,0.011338474149605234
915,0.030876015704576272,0.00643857947269905
916,0.02279033667791834,0.016185285387683032
917,-0.01941184915706119,-0.0333346621033582
918,0.0,0.0
919,0.0,0.0
920,0.0,0.0
921,0.0,0.0
922,0.0,0.0
923,0.0,0.0
924,0.08881952716781494,-0.03361848847840059
925,0.0,0.0
926,0.057484019885212026,0.07843337483619539
927,0.0,0.0
928,-0.061656963569784534,-0.11715618216343297
929,0.0,0.0
930,0.007255934141012875,-0.015576195982948121
931,0.011801052820441877,0.005480849760641965
932,0.0,0.0
933,0.03518247004988063,0.028449041907555782
934,-0.029766493086954973,0.001752130351719596
935,-0.05546783589524562,0.005708194049523394
936,0.0,0.0
937,-0.018122751146267397,-0.058700121086374374
938,0.0,0.0
939,0.010370325382487614,-0.0593453862474049
940,0.0,0.0
941,-0.04414411180047687,0.008684437627122807
942,0.0017810242528776355,-0.011451112372479911
943,-0.06473257710927086,-0.0903812038491079
944,0.06419355976926039,-0.0016295786683194664
945,0.08792252585468062,0.07481034169067735
946,0.10748440479231008,0.038014625135906026
947,0.022068019784471784,0.02645303228863697
948,0.07209465714283111,0.030933264590351454
949,0.0,0.0
950,-0.037477175286554,-0.0006094675710133147
951,0.05398864380222834,0.03771406925594823
952,0.0,0.0
953,0.0,0.0
954,0.0,0.0
955,0.0,0.0
956,-0.1176039084093602,-0.054614371370575315
957,0.012729159601338146,0.013333126091719157
958,-0.1729608459552104,-0.06826027925281503
959,-0.06202552248614619,-0.05697534378703132
960,0.004050726743512345,0.004577625673815976
961,-0.016815072948269005,-0.004326413297692086
962,0.0,0.0
963,0.048161953771449,-0.01806722534572246
964,0.0,0.0
965,0.0,0.0
966,0.024301577279991035,0.026056511450909422
967,0.0,0.0
968,0.01270908461794053,0.002844087533329738
969,0.0,0.0
970,-0.12558261837070045,-0.07331139617837859
971,0.06348596746531913,0.02587881300957192
972,-0.0005333538860761972,0.016807443235774582
973,0.0,0.0
974,-0.029322363879460307,-0.028473389682568028
975,-0.0457648052454318,-0.033461155310534896
976,0.060259381870847076,0.024424777683461626
977,-0.03291962823355986,-0.06464365631975111
978,0.0,0.0
979,0.0,0.0
980,0.0,0.0
981,0.07341114077717892,0.029989957665765916
982,-0.12742240831049195,0.05724805422470739
983,0.014524016178244841,-0.08253349462160717
984,0.0,0.0
985,0.04191678334360215,-0.010183925298052893
986,-0.03593842308737534,-0.0007151829304973534
987,0.0,0.0
988,-0.03590296436863159,-0.01572218907985763
989,0.0012091067587919244,0.014256368683523458
990,0.0,0.0
991,0.03694568824141978,0.016972191522057783
992,0.11354801163440237,0.022624333478470208
993,0.0,0.0
994,0.021182735954246332,0.0005037620333428575
995,0.06038618857864707,0.02479161731065782
996,0.0,0.0
997,-0.04320783583074372,-0.0169085204036644
998,0.0,0.0
999,0.0,0.0
1000,-0.18640982411564294,-0.03923733358504281
1001,0.03701852200615216,0.05182883160956955
1002,0.0,0.0
1003,0.06702163472501799,-0.02127088448545178
1004,0.0,0.0
1005,0.08220022633370808,0.03309429198139152
1006,0.03795558440736037,0.023998245772471196
1007,-0.1191776709806395,-0.01954593299533699
1008,0.020177002183127932,0.020582643382570744
1009,0.050783416494038516,0.012720573801093368
1010,0.0389889596980206,0.032608831470246395
1011,0.0,0.0
1012,0.003914964117569608,0.02274775566264168
1013,0.0,0.0
1014,-0.04143793528015624,0.006494173665789306
1015,0.07955124760596737,0.03291931493384398
1016,0.0,0.0
1017,0.042334075036791305,-0.020607427339231963
1018,0.0,0.0
1019,0.0,0.0
1020,0.0,0.0
1021,0.0,0.0
1022,0.0,0.0
1023,0.0,0.0
1024,0.0,0.0
1025,0.0,0.0
1026,0.0,0.0
1027,0.003164091882321643,0.0019023229205098185
1028,0.02169447669341062,0.0021120807370241684
1029,0.0,0.0
1030,0.03245923670829675,0.014909513907704989
1031,-0.141750359281956,-0.052599078955428875
1032,0.020726429300911533,0.024101155453110302
1033,0.0,0.0
1034,0.06851220475796416,0.042971489027266156
1035,-0.017006512411324864,0.042749260010167794
1036,0.07026022873838556,0.04530710589295594
1037,0.0,0.0
1038,0.04650264536785103,0.004124109439573036
1039,-0.06693853803450588,-0.012633768134754298
1040,0.0,0.0
1041,0.1296709566361099,0.05569160045575781
1042,0.0011993766331550428,0.07009126448339448
1043,0.0,0.0
1044,0.0,0.0
1045,0.0,0.0
1046,0.05397868435982458,0.04777076428263415
1047,-0.1639139567507032,0.0860091798922589
1048,0.0,0.0
1049,0.0,0.0
1050,0.0476453152379117,0.005102081295549674
1051,0.0,0.0
1052,0.0,0.0
1053,0.12019203166665497,0.032654064174076805
1054,0.0,0.0
1055,0.03797840045336104,0.0037326807744338785
1056,0.0,0.0
1057,0.0003706077933836355,0.03458852663925176
1058,0.008476887170289037,0.00786017466535527
1059,0.08864731358216317,0.03602866572669648
1060,0.0,0.0
1061,0.027584676951589285,0.009692393936181981
1062,0.012278957823549489,0.013057532524611882
1063,0.0,0.0
1064,-0.013188864466766998,-0.011365065817685852
1065,0.03695991493095958,0.04043240362234286
1066,0.047976834988051525,-0.03004691802934768
1067,0.011581236232839144,0.009481332418864124
1068,0.0,0.0
1069,0.04509025720886545,0.02718369999508677
1070,-0.10439667877036163,-0.013908555695688763
1071,0.008051773742520371,-0.013744299271841114
1072,0.025147520996401183,0.024936370220633348
1073,0.0,0.0
1074,0.03876730670439042,-0.0019321733611018792
1075,-0.01585462890846278,-0.043799375063776166
1076,-0.01665825933646493,0.0246317170397422
1077,-0.06997651365014215,0.0007662633387660536
1078,0.047152395479163244,0.024063231767452422
1079,-0.02769128093596403,-0.004572141053018191
1080,0.12454332444988575,0.04277827582741236
1081,0.0,0.0
1082,0.0,0.0
1083,0.0,0.0
1084,0.0160523839928815,-0.007772721466469943
1085,0.0,0.0
1086,0.0,0.0
1087,0.0,0.0
1088,0.014171801655797277,0.01012113854885643
1089,0.0,0.0
1090,0.0,0.0
1091,0.0,0.0
1092,0.01964494458939845,-0.020399335630415575
1093,0.0,0.0
1094,0.0795592221411718,0.004749473301779961
1095,-0.05939456650808542,0.02630099215738682
1096,0.09917354962804582,0.05308044645313724
1097,0.0,0.0
1098,0.0,0.0
1099,0.0,0.0
1100,-0.11558402266442316,-0.06743714183872584
1101,0.03399934035318992,0.0005705669612165375
1102,0.0015910299001433957,0.007318037104771709
1103,0.0,0.0
1104,-0.029971834530634366,-0.04596049548168214
1105,0.0,0.0
1106,0.0690531092384442,0.0376522743876919
1107,0.027903063155793096,0.009833835443143035
1108,-0.18328438173910871,0.03728357213632316
1109,0.0,0.0
1110,-0.002903560463791826,0.013734792459795085
1111,0.0,0.0
1112,-0.018892376422190778,-0.016106937958000115
1113,0.0,0.0
1114,0.0,0.0
1115,0.0,0.0
1116,-0.032004857046882836,0.017868466224476146
1117,0.0,0.0
1118,0.10983462141757785,0.04413108459416385
1119,0.010979424581603137,-0.02342157673365735
1120,-0.046589495719562266,-0.045344838959972704
1121,-0.02033435516782879,0.02256647593138151
1122,-0.0846823091859988,0.017673166853478146
1123,-0.0829386470132754,-0.00963109210414443
1124,0.04586400548647222,0.020492124927392427
1125,0.0,0.0
1126,0.0,0.0
1127,0.07839075142096405,0.0628256224047623
1128,-0.10385756662308315,-0.00861204273750274
1129,0.0331879828620338,0.0020030309170377884
1130,0.004643659561356311,-0.03704576193613286
1131,0.046560935311384104,0.04060415880157958
1132,-0.08508504961895803,-0.02936894107418344
1133,0.0,0.0
1134,0.02080186226143318,-0.021445650315537725
1135,0.0,0.0
1136,-0.04481976973330501,-0.0400511871837471
1137,0.001073396985436967,0.002581166967722386
1138,0.0017662272053031128,0.005585310342400152
1139,0.0671576405408288,0.03956406528069047
1140,0.0,0.0
1141,0.029539776639115115,0.016224867641695305
1142,0.012894663242832616,0.0017333634504475511
1143,0.0,0.0
1144,-0.034807384749076735,-0.027156137339581367
1145,0.0,0.0
1146,0.0011565041687059913,0.002150348424415792
1147,0.05015468102914337,-0.017560813175878612
1148,0.04183619125547744,-0.024211872124933857
1149,0.0,0.0
1150,-0.06846098424394133,-0.05455133039390183
1151,0.0,0.0
1152,0.029674225807511667,0.025312170799217725
1153,0.05026022629887765,0.017040546665360548
1154,0.0,0.0
1155,0.014918295952388633,0.010448558042324536
1156,0.04272499407771882,-0.007608727646049253
1157,0.0,0.0
1158,-0.07966335211184482,-0.03940565308505204
1159,-0.060190022127921565,-0.09434379737174814
1160,0.06789106425209714,0.04255110275532122
1161,0.02048752188811332,0.016094997113512966
1162,0.029301689928014643,0.005055662349414848
1163,-0.04273930940123803,0.0084273998537764
1164,-0.010824503130447664,0.060157020136100366
1165,0.0,0.0
1166,0.0,0.0
1167,0.019263757298392047,0.01062165803662387
1168,0.0,0.0
1169,0.06454724557053586,0.07089098933159645
1170,0.0,0.0
1171,0.0,0.0
1172,0.06764408924593733,0.041555216830049535
1173,0.038265041928013666,0.011758978204880418
1174,0.0,0.0
1175,0.004303264120377839,0.014047912933541469
1176,0.03500424306854291,0.016008331162057826
1177,0.06892477975031763,0.010722912696850289
1178,-5.66846343767278e-05,-0.0345396454867256
1179,0.0,0.0
1180,0.0,0.0
1181,0.0,0.0
1182,0.07717846868053659,0.0010652209971503087
1183,0.030590280444619766,0.012647970598036703
1184,-0.1372552853027852,-0.018027519439813403
1185,0.031101321248999964,-0.008817436538750958
1186,0.0,0.0
1187,0.0,0.0
1188,-0.024988808906391463,-0.022223830934572156
1189,0.05053026764968619,0.012300541628235288
1190,0.0,0.0
1191,0.0,0.0
1192,0.0,0.0
1193,0.08207023573840695,0.07929989150415716
1194,0.008195560959351459,-0.03182188870947594
1195,0.020333262606355963,0.021152014190118067
1196,-0.07336834598691813,-0.040293432845728665
1197,0.050560926293633006,-0.0077986778118556855
1198,0.004239733060516264,0.01981047784211471
1199,0.02336742421008219,0.0003479255847160334
1200,0.0,0.0
1201,0.0,0.0
1202,-0.09499408754560659,0.002179056103174019
1203,0.0,0.0
1204,0.022307543727313868,0.05237259474264513
1205,0.0,0.0
1206,0.0,0.0
1207,0.0,0.0
1208,-0.009046878496934757,0.007998456800889859
1209,-0.04804922482647929,0.004749520811467301
1210,0.0,0.0
1211,0.06746403895544979,0.0374579574113843
1212,0.09930239340505637,-0.042955577710207915
1213,0.0,0.0
1214,0.0,0.0
1215,-0.03779059621711969,0.0009229223251417373
1216,0.0,0.0
1217,-0.09820436739385974,0.010276768335876695
1218,0.03914537247070552,-0.007579528879273592
1219,0.038703168943215654,0.007131951867338984
1220,0.012741944140948593,0.02158131777761831
1221,0.02841350164349827,0.014351704792771765
1222,-0.06387786521541146,-0.02963355023470096
1223,-0.03647864639541494,-0.007474237028001425
1224,0.0,0.0
1225,0.0,0.0
1226,-0.056306153668921034,-0.0019336721906765492
1227,-0.045195698962221004,-0.025566923825436537
1228,0.03896147548164519,-0.021419976237761682
1229,0.1230047375197828,0.01469890923310392
1230,0.04184196758895727,0.008794795839552894
1231,0.10365549068590248,0.009582665628527104
1232,-0.00999579593425793,0.0024584095182712666
1233,0.05322911803601494,-0.017721917375479575
1234,0.03568178539676096,0.027670562655534657
1235,-0.08106044792334724,-0.08461681548347497
1236,0.0,0.0
1237,0.0,0.0
1238,0.0,0.0
1239,0.05486960941888523,0.015047896304791416
1240,0.0,0.0
1241,-0.0787767017481798,-0.036105600741457654
1242,0.05720293762655263,0.0319237654383052
1243,-0.0035271247215586314,0.011377442778699863
1244,-0.013417469630940423,-0.00015772201432576134
1245,0.06860391802951937,0.03468948801080451
1246,0.09164628344334202,0.037553617868301664
1247,-0.05188003280444479,0.04816412395466341
1248,0.09251347059126043,0.025543224894072288
1249,0.0,0.0
1250,0.07357778106580223,0.02745998055981257
1251,0.056564188210535916,0.0072276269435826105
1252,0.13817483674561323,0.059970013221913414
1253,0.0,0.0
1254,0.1006802980157939,0.014505307574515361
1255,-0.07692738929028915,-0.014152882595282591
1256,0.0,0.0
1257,-0.09411670905541074,-0.037867650643590905
1258,0.0,0.0
1259,-0.05176401842832584,0.009358401533776584
1260,-0.08259829824965945,-0.02911851819793472
1261,0.0,0.0
1262,0.027895258818468705,-0.0011674550846494979
1263,0.0,0.0
1264,0.0,0.0
1265,-0.007872518028285865,-0.007166147507599923
1266,-0.05603745981364457,-0.02594651112895227
1267,-0.10539113207082598,-0.04787744022416305
1268,-0.10348628170105842,-0.006966923616011675
1269,0.0739026942880863,0.03826396271807123
1270,0.0,0.0
1271,0.0,0.0
1272,0.0,0.0
1273,-0.07193640441515632,-0.027204194599656804
1274,-0.051907851936851976,-0.03723479456686546
1275,0.0049997155309259465,0.004462480801618189
1276,-0.0885103103897502,0.022632977898485368
1277,0.03698234254038392,0.056007674808923456
1278,0.05175036238045878,0.036636050030125766
1279,0.0,0.0
1280,0.0,0.0
1281,0.05669362524409295,-0.013470045800156798
1282,0.0,0.0
1283,-0.0048599037299179694,-0.03437191274036863
1284,0.0,0.0
1285,-0.04256381736089596,-0.0018752921286415267
1286,-0.0032433171523422156,0.013775350341885513
1287,-0.02540620174735657,-0.0682347973068506
1288,-0.010171387329727078,-0.01730595952720792
1289,0.01508227965046132,-7.270024016115518e-05
1290,0.09395038479131065,0.02055255781345275
1291,0.0,0.0
1292,0.020211594450868575,0.047864306693420504
1293,0.03483998069895869,0.0128525549312705
1294,0.05983124919787784,0.003723621919997753
1295,-0.023206322894933736,-0.02812909308890724
1296,0.03020808870525569,0.011451198772310212
1297,0.007780908900513123,0.0026963814051031033
1298,0.020727548222332623,-2.9534417321087184e-05
1299,0.0,0.0
1300,-0.06153874710500032,-0.07567422358504688
1301,0.14148591477540093,0.010914493813513672
1302,0.06195527713481443,0.01514051263243362
1303,0.0432474357940352,0.03204476026920586
1304,0.0,0.0
1305,0.0,0.0
1306,0.0,0.0
1307,-0.06824552230165637,-0.020665807356098503
1308,0.015256236116724088,-0.004061788403951075
1309,0.0,0.0
1310,0.0,0.0
1311,0.09382414988044115,-0.012933755591397053
1312,0.05774313011341576,0.009446222293779968
1313,0.010874433701164731,0.0039044786454688965
1314,-0.04736660430868024,-0.002213094620660405
1315,0.05715153907335014,-0.004126831231716212
1316,0.07364817138484407,-0.0072136427340736406
1317,0.0,0.0
1318,-0.12427991088381773,-0.03166060632605977
1319,-0.020378938130731494,-0.0005399245214418018
1320,0.09773689405434134,0.04164073088035506
1321,0.17327726755111075,0.06564420302910454
1322,-0.00978041778458796,0.02634693266238687
1323,0.050927247872913244,0.03374673860674172
1324,0.0,0.0
1325,0.013122200186982201,-0.05735497970304636
1326,0.0,0.0
1327,0.0,0.0
1328,0.08376437250599818,0.024597670696638714
1329,-0.01321820011647078,0.03495481921324163
1330,0.008135919911460933,0.022397960696689884
1331,0.0,0.0
1332,0.0,0.0
1333,0.0,0.0
1334,0.0,0.0
1335,-0.005601598744919009,-0.034659748494015374
1336,-0.0321294769296976,0.00540274323786018
1337,0.0,0.0
1338,0.0,0.0
1339,-0.14418600144593857,0.021022603420624245
1340,-0.10386886418945208,-0.07909369457209765
1341,-0.0991839709960307,0.06455892645161095
1342,0.0,0.0
1343,0.10310802843869737,0.056012379456163386
1344,0.009176772207475342,-0.03222515300874058
1345,0.024733137378068523,0.03429678189599278
1346,0.0,0.0
1347,0.0,0.0
1348,0.0,0.0
1349,-0.015826380132385263,-0.047348753239274885
1350,0.062110453817859984,0.020664702904304343
1351,0.006255509898781108,0.011974957187457202
1352,0.0,0.0
1353,0.0050266148382668826,0.00020624112232379044
1354,-0.00975300718398379,-0.06094830539821382
1355,0.0,0.0
1356,-0.02174831583384577,-0.011715154758599307
1357,0.0,0.0
1358,-0.08335960678754259,-0.05557430211237898
1359,0.014979161444568543,0.021251045618782195
1360,0.0,0.0
1361,0.0,0.0
1362,0.0611094369775216,-0.05896177332303865
1363,0.0,0.0
1364,0.0749222640239125,0.0006263129681334897
1365,0.015374170201902983,0.0054350298084426775
1366,0.03332025818151004,0.0026039413764701097
1367,0.06253431078709978,-0.01599547605698206
1368,0.0,0.0
1369,0.0,0.0
1370,0.0,0.0
1371,0.1231748774089915,0.012246962371791363
1372,-0.05115247430020402,0.03453325838604497
1373,-0.13838202711603573,-0.06985256438378233
1374,0.09404595327051868,0.06489108106812656
1375,0.07266718326540834,0.06032025093010828
1376,0.08922132209257463,0.06373787958317702
1377,-0.022763519656555868,-0.04940145541888197
1378,0.04224163784623112,0.023340218594858853
1379,0.05649619888878247,-0.000937058147560557
1380,0.012002752914953356,0.004882842331528342
1381,0.009939162972588374,0.0071558196769851345
1382,0.012731755029546972,-0.009907850905858521
1383,-0.03754988639783608,-0.04526497404599463
1384,0.0,0.0
1385,0.0,0.0
1386,0.0,0.0
1387,0.03190973540081002,0.01366337196832177
1388,0.0,0.0
1389,0.057445847283266516,0.015996524689751726
1390,0.0,0.0
1391,0.06927206223357384,0.02086980105669021
1392,-0.06319229178673458,-0.035615712166638364
1393,0.06717473917505142,0.04039484904033114
1394,0.07651785542420562,0.025756522781480263
1395,-0.082142056162285,-0.03924699688844927
1396,0.0,0.0
1397,-0.058122966243259716,-0.06456156566579135
1398,0.1131214873376839,0.022531183926880423
1399,0.02241090004233182,0.008873097424381934
1400,0.007026573158026165,0.0756004165329318
1401,0.0,0.0
1402,0.08806633724946115,0.05271929719176505
1403,0.11749738355297383,-0.1187749442886195
1404,0.0,0.0
1405,0.0,0.0
1406,0.0,0.0
1407,0.0,0.0
1408,0.022124176670794984,0.033502057221670545
1409,0.04302693026140777,0.08507845713402
1410,0.03745535870775025,0.017776790202621597
1411,0.0,0.0
1412,0.06432545585780006,0.007915753695986462
1413,0.039214244180447506,0.031614707031294986
1414,0.13416349072849146,0.046732368512080964
1415,0.0,0.0
1416,0.0,0.0
1417,0.03272790125360336,0.013105180865696675
1418,0.07358495152497194,0.033740898172117714
1419,0.17729651392649898,0.03820813549712045
1420,0.064324647497863,0.0393309520460083
1421,0.06869611900089516,0.004194195443435782
1422,0.0,0.0
1423,0.0,0.0
1424,0.0,0.0
1425,0.0,0.0
1426,0.0,0.0
1427,-0.04545422144509128,-0.02119037960848309
1428,0.0,0.0
1429,0.025291927613529358,0.02323445265158932
1430,0.0,0.0
1431,-0.0745085754827965,-0.03280858933829854
1432,0.0580190055580075,0.03655130898803428
1433,0.0,0.0
1434,0.0651282760278862,-0.009078676269937597
1435,0.05501468983950369,0.02734699464312801
1436,0.0,0.0
1437,0.0,0.0
1438,0.037894686904410564,0.012077519367518694
1439,-0.06617981442099498,0.034612137070695756
1440,-0.03932634111861314,-0.051937556424383496
1441,-0.10077139789620408,-0.005388767004052328
1442,0.0,0.0
1443,0.02221119125496066,0.0477095192775418
1444,-0.10309661508348636,-0.043298742749989474
1445,-0.007823442130262297,0.04456129823462933
1446,0.12538309516828489,0.014168653678122718
1447,0.0,0.0
1448,0.06628458228518612,-0.009331038097196017
1449,0.07984561308018237,0.06166883546710648
1450,0.0,0.0
1451,0.0,0.0
1452,-0.01919102117443375,0.01654076496891555
1453,-0.015512231966795933,0.004055771059949381
1454,0.03052241311551413,-0.007693628033143203
1455,-0.030934361307802062,-0.007939243235021931
1456,0.0641700986526449,0.026046302653215996
1457,0.03385596638043827,0.02085404804709796
1458,0.0,0.0
1459,0.0,0.0
1460,0.0,0.0
1461,-0.05432483454937361,-0.006357282813351356
1462,0.0,0.0
1463,-0.012561635471883279,-0.04945252867622327
1464,0.002744755058452466,0.005869825478561633
1465,0.025299225312918207,0.01975848195030504
1466,-0.05069291663546581,0.021531172823995717
1467,0.04139457391649766,0.03305680042889329
1468,0.004272550603780528,-0.0011868665793465755
1469,0.0,0.0
1470,0.0,0.0
1471,-0.006168752339089194,0.00020752809120662923
1472,0.0,0.0
1473,0.0,0.0
1474,0.0,0.0
1475,-0.08848194663903532,-0.0071782342107126855
1476,0.0,0.0
1477,0.1266102783592728,0.053379443908142934
1478,-0.13231212245023094,-0.01646233487739257
1479,0.09915575404707605,0.025346506320166325
1480,0.02171603350320627,-0.003526083656660646
1481,0.0,0.0
1482,0.040880193379212046,0.004055719576343462
1483,0.0011682197573821193,0.009438540283020486
1484,-0.11821375313491041,-0.07542319301513725
1485,0.0,0.0
1486,0.010455184088503273,-0.00053974439298745
1487,0.05679933989504715,0.04654677222423857
1488,0.0,0.0
1489,-0.10723876596637615,-0.05699230819074445
1490,0.019253686295566327,-0.02430405372038028
1491,0.0,0.0
1492,0.07427775067261215,0.03729896282816435
1493,0.0,0.0
1494,0.03886412236831966,-0.003377271019208211
1495,0.049797033953945254,0.01196907909771723
1496,0.0,0.0
1497,0.015464802405998441,0.024839038446406798
1498,-0.03144694862017363,-0.022105137163271782
1499,0.01110385829701475,0.012515031909207433
1500,0.0802823904710297,0.06575073272696728
1501,0.019538567790033514,0.01044472420584048
1502,-0.018251763715987666,-0.004557136817551361
1503,0.0,0.0
1504,-0.024191794838667343,0.04220362961441553
1505,0.0,0.0
1506,0.0,0.0
1507,0.0,0.0
1508,0.02524347367444647,0.02811661802667456
1509,-0.0071925518515368455,0.02626929782661235
1510,-0.17852438628477138,-0.09232275567873967
1511,0.07513675956774629,0.029290586401043504
1512,0.0,0.0
1513,0.07461254599027484,0.012868399343217485
1514,0.08340048801998873,0.06596418288151465
1515,0.0012309865589629262,-0.043490705852630596
1516,0.0,0.0
1517,0.013129949319624598,0.011650124387836754
1518,-0.00735463480146127,0.0025043604639445527
1519,-0.10371083878033106,-0.11488333746791703
1520,-0.15148850401080194,-0.008393914727979688
1521,0.0,0.0
1522,0.0,0.0
1523,-0.03235841086938782,-0.008510004107915204
1524,-0.1703069420481157,0.043449758413540505
1525,0.049422194871203,-0.01692770232698179
1526,0.027384008600246906,0.03093197372058889
1527,-0.04107666407184922,-0.06510194899304812
1528,0.0,0.0
1529,0.007436238724662075,0.022179862919417998
1530,0.029120190279996367,0.002923285582871436
1531,0.02535523684136718,-0.00041270385734929995
1532,0.021370970398464424,-0.027349494446159694
1533,-0.021369846098834806,0.03241171759245978
1534,0.0,0.0
1535,-0.0056967227760798215,-0.014070137061871877
