atom_id,category,n_enriched_concepts,enriched_concepts,fire_count,fire_pct,contributes_to
0,Uninformative,0,,11709,1.4635609692075973,
1,Separable,1,TXT:RBBB and LAFB,37794,4.724043323104614,
2,Uninformative,0,,4,0.0004999781259569,
3,Uninformative,0,,42894,5.361515433699776,
4,Uninformative,0,,5,0.0006249726574462,
5,Uninformative,0,,92,0.0114994968970107,
6,Uninformative,0,,736,0.091995975176086,
7,Uninformative,0,,31947,3.993200297486985,
8,Contributing,0,,28026,3.503096739517646,TXT:Junctional rhythm
9,Contributing,0,,37610,4.701044329310593,TXT:Junctional rhythm
10,Uninformative,0,,2,0.0002499890629784,
11,Uninformative,0,,16913,2.114032511077641,
12,Uninformative,0,,25235,3.1542370021311568,
13,Uninformative,0,,52882,6.609960814214378,
14,Uninformative,0,,1061,0.1326191979100914,
15,Uninformative,0,,22954,2.8691244758041834,
16,Uninformative,0,,2,0.0002499890629784,
17,Uninformative,0,,20666,2.583136987756786,
18,Uninformative,0,,78,0.0097495734561612,
19,Uninformative,0,,2486,0.3107364052822689,
20,Uninformative,0,,44606,5.575506071609367,
21,Uninformative,0,,9,0.0011249507834032,
22,Uninformative,0,,21824,2.727880655221334,
23,Uninformative,0,,622,0.0777465985863118,
24,Uninformative,0,,22041,2.7550044685545005,
25,Uninformative,0,,1,0.0001249945314892,
26,Uninformative,0,,8758,1.0947021067828282,
27,Uninformative,0,,410,0.0512477579105914,
28,Uninformative,0,,14,0.0017499234408494,
29,Uninformative,0,,144350,18.04296062047285,
30,Uninformative,0,,2,0.0002499890629784,
31,Dead,0,,0,0.0,
32,Uninformative,0,,35965,4.4954283250107805,
33,Uninformative,0,,45,0.0056247539170161,
34,Uninformative,0,,4,0.0004999781259569,
35,Uninformative,0,,14095,1.7617979213409414,
36,Uninformative,0,,5881,0.7350928396882637,
37,Uninformative,0,,30553,3.8189579205909743,
38,Uninformative,0,,4,0.0004999781259569,
39,Uninformative,0,,60196,7.524170817526733,
40,Uninformative,0,,10,0.0012499453148924,
41,Uninformative,0,,15001,1.8750429668701996,
42,Entangled,3,"TXT:Probable supraventricular tachycardia; TXT:Atrial flutter with uncontrolled ventric; TXT:Extreme tachycardia with wide complex, n",11324,1.415438074584237,
43,Uninformative,0,,17,0.0021249070353172,
44,Uninformative,0,,56594,7.073940515102464,
45,Uninformative,0,,3,0.0003749835944677,
46,Uninformative,0,,25583,3.1977350990894147,
47,Uninformative,0,,650,0.0812464454680107,
48,Uninformative,0,,3,0.0003749835944677,
49,Uninformative,0,,808,0.1009955814433118,
50,Uninformative,0,,27,0.0033748523502096,
51,Uninformative,0,,18885,2.360521727174436,
52,Uninformative,0,,16,0.0019999125038279,
53,Uninformative,0,,31362,3.9200784965657753,
54,Uninformative,0,,1766,0.2207403426100108,
55,Uninformative,0,,23525,2.940496353284544,
56,Uninformative,0,,464,0.0579974626110107,
57,Contributing,0,,43924,5.490259801133701,TXT:Atrial pacing; TXT:Tall T waves - consider acute ischemia o
58,Uninformative,0,,90520,11.31450499040667,
59,Uninformative,0,,2150,0.2687382427018818,
60,Uninformative,0,,36103,4.512677570356297,
61,Uninformative,0,,28357,3.544469929440587,
62,Uninformative,0,,4,0.0004999781259569,
63,Uninformative,0,,22,0.0027498796927634,
64,Uninformative,0,,150,0.0187491797233871,
65,Separable,1,TXT:Atrial flutter with uncontrolled ventric,3378,0.4222315273706775,
66,Uninformative,0,,2,0.0002499890629784,
67,Uninformative,0,,39483,4.935159086789953,
68,Uninformative,0,,552,0.0689969813820645,
69,Uninformative,0,,37045,4.630422419019168,
70,Uninformative,0,,122,0.0152493328416881,
71,Uninformative,0,,1975,0.2468641996912635,
72,Uninformative,0,,137,0.0171242508140268,
73,Uninformative,0,,235,0.0293737148999731,
74,Uninformative,0,,32554,4.069071978100958,
75,Uninformative,0,,854,0.1067453298918172,
76,Uninformative,0,,34547,4.318186079359028,
77,Separable,1,TXT:Sinus rhythm with bigeminal PVCs,2016,0.2519889754823226,
78,Uninformative,0,,2,0.0002499890629784,
79,Uninformative,0,,29204,3.650340297611979,
80,Uninformative,0,,14,0.0017499234408494,
81,Uninformative,0,,44702,5.587505546632335,
82,Uninformative,0,,1106,0.1382439518271075,
83,Uninformative,0,,741,0.0926209478335322,
84,Uninformative,0,,24053,3.006493465910866,
85,Entangled,2,TXT:Possible idioventricular rhythm with slo; TXT:Probable junctional rhythm,19355,2.4192691569743823,
86,Uninformative,0,,48169,6.020861587305555,
87,Uninformative,0,,5616,0.7019692888436131,
88,Uninformative,0,,78588,9.823070240676971,
89,Uninformative,0,,4857,0.6070984394432744,
90,Dead,0,,0,0.0,
91,Uninformative,0,,113802,14.224627672539327,
92,Uninformative,0,,12,0.0014999343778709,
93,Uninformative,0,,273,0.0341235070965645,
94,Uninformative,0,,18,0.0022499015668064,
95,Entangled,3,"TXT:Atrial flutter with rapid ventricular re; TXT:Atrial flutter with uncontrolled ventric; TXT:Extreme tachycardia with wide complex, n",27265,3.407975901054329,
96,Uninformative,0,,226,0.0282487641165699,
97,Dead,0,,0,0.0,
98,Uninformative,0,,92,0.0114994968970107,
99,Uninformative,0,,37986,4.74804227315055,
100,Uninformative,0,,17595,2.199278781553307,
101,Separable,1,TXT:Probable sinus tachycardia,7251,0.9063353478285324,
102,Uninformative,0,,2,0.0002499890629784,
103,Uninformative,0,,77057,9.631703612966932,
104,Uninformative,0,,7,0.0008749617204247,
105,Uninformative,0,,38,0.0047497921965913,
106,Uninformative,0,,21245,2.65550882148906,
107,Uninformative,0,,12,0.0014999343778709,
108,Uninformative,0,,4,0.0004999781259569,
109,Uninformative,0,,15230,1.9036667145812367,
110,Uninformative,0,,23560,2.944871161886668,
111,Uninformative,0,,9955,1.2443205609754573,
112,Uninformative,0,,46012,5.751248382883249,
113,Uninformative,0,,5,0.0006249726574462,
114,Uninformative,0,,12015,1.501809295843307,
115,Uninformative,0,,43394,5.4240126994444,
116,Uninformative,0,,90783,11.347378552188342,
117,Uninformative,0,,4,0.0004999781259569,
118,Separable,1,TXT:Extensive infarct - age undetermined,19123,2.390270425668877,
119,Uninformative,0,,52,0.0064997156374408,
120,Uninformative,0,,17627,2.203278606560963,
121,Uninformative,0,,7089,0.8860862337272745,
122,Uninformative,0,,6234,0.779215909303968,
123,Uninformative,0,,6,0.0007499671889354,
124,Uninformative,0,,3904,0.4879786509340216,
125,Uninformative,0,,1866,0.2332397957589355,
126,Uninformative,0,,33863,4.232689819820383,
127,Uninformative,0,,16714,2.08915859931128,
128,Uninformative,0,,31928,3.9908254013886895,
129,Uninformative,0,,660,0.0824963907829032,
130,Uninformative,0,,7,0.0008749617204247,
131,Separable,1,TXT:Sinus rhythm with bigeminal PVCs,12978,1.622179029667452,
132,Uninformative,0,,9685,1.2105720374733606,
133,Uninformative,0,,57,0.007124688294887,
134,Uninformative,0,,4568,0.5709750198428819,
135,Uninformative,0,,954,0.1192447830407419,
136,Uninformative,0,,2598,0.3247357928090646,
137,Uninformative,0,,10563,1.3203172361209197,
138,Uninformative,0,,1,0.0001249945314892,
139,Uninformative,0,,15947,1.9932877936590276,
140,Uninformative,0,,11806,1.4756854387620542,
141,Uninformative,0,,16947,2.1182823251482747,
142,Uninformative,0,,8755,1.0943271231883605,
143,Uninformative,0,,64911,8.113520033498535,
144,Uninformative,0,,28,0.0034998468816989,
145,Separable,1,"TXT:Extreme tachycardia with wide complex, n",4656,0.5819745386139357,
146,Uninformative,0,,2,0.0002499890629784,
147,Uninformative,0,,294,0.0367483922578387,
148,Uninformative,0,,2101,0.2626135106589087,
149,Uninformative,0,,8839,1.1048266638334572,
150,Uninformative,0,,12,0.0014999343778709,
151,Uninformative,0,,388,0.0484978782178279,
152,Uninformative,0,,75,0.0093745898616935,
153,Uninformative,0,,34434,4.304061697300743,
154,Uninformative,0,,9,0.0011249507834032,
155,Uninformative,0,,46131,5.766122732130469,
156,Uninformative,0,,7773,0.9715824932659196,
157,Uninformative,0,,1121,0.1401188697994462,
158,Uninformative,0,,11161,1.3950639659514896,
159,Uninformative,0,,43908,5.488259888629872,
160,Uninformative,0,,3,0.0003749835944677,
161,Uninformative,0,,3758,0.4697294493365915,
162,Uninformative,0,,28034,3.5040966957695603,
163,Uninformative,0,,25609,3.2009849569081354,
164,Uninformative,0,,11141,1.3925640753217048,
165,Uninformative,0,,26909,3.3634778478441567,
166,Uninformative,0,,1736,0.2169905066653334,
167,Uninformative,0,,15,0.0018749179723387,
168,Uninformative,0,,14929,1.8660433606029736,
169,Uninformative,0,,20,0.0024998906297849,
170,Uninformative,0,,19989,2.498515689938565,
171,Uninformative,0,,33056,4.13181923290856,
172,Uninformative,0,,23,0.0028748742242526,
173,Uninformative,0,,26030,3.2536076546651085,
174,Entangled,3,TXT:Probable sinus tachycardia; TXT:Probable supraventricular tachycardia; TXT:Atrial flutter with uncontrolled ventric,16987,2.123282106407845,
175,Uninformative,0,,15525,1.940540101370565,
176,Uninformative,0,,10,0.0012499453148924,
177,Uninformative,0,,1908,0.2384895660814839,
178,Uninformative,0,,25270,3.158611810733281,
179,Uninformative,0,,10315,1.2893185923115864,
180,Contributing,0,,29851,3.7312117594855225,TXT:Junctional rhythm
181,Uninformative,0,,466,0.0582474516739892,
182,Uninformative,0,,61524,7.690163555344454,
183,Uninformative,0,,7597,0.949583455723812,
184,Dead,0,,0,0.0,
185,Uninformative,0,,16274,2.0341610054560118,
186,Uninformative,0,,3,0.0003749835944677,
187,Uninformative,0,,29332,3.666339597642603,
188,Uninformative,0,,29142,3.642590636659646,
189,Uninformative,0,,48003,6.000112495078341,
190,Uninformative,0,,57768,7.22068409507084,
191,Uninformative,0,,28,0.0034998468816989,
192,Uninformative,0,,4,0.0004999781259569,
193,Uninformative,0,,13898,1.7371739986375596,
194,Uninformative,0,,6,0.0007499671889354,
195,Uninformative,0,,5,0.0006249726574462,
196,Uninformative,0,,25,0.0031248632872311,
197,Uninformative,0,,7,0.0008749617204247,
198,Uninformative,0,,29679,3.709712700069372,
199,Uninformative,0,,588,0.0734967845156774,
200,Uninformative,0,,8,0.0009999562519139,
201,Uninformative,0,,2923,0.36535901554307,
202,Contributing,0,,93830,11.728236889636078,TXT:Junctional rhythm
203,Uninformative,0,,167,0.0208740867587043,
204,Uninformative,0,,6315,0.789340466354597,
205,Uninformative,0,,2,0.0002499890629784,
206,Uninformative,0,,2850,0.3562344147443549,
207,Uninformative,0,,21230,2.653633903516721,
208,Uninformative,0,,54231,6.778578437193373,
209,Uninformative,0,,16349,2.043535595317705,
210,Uninformative,0,,6,0.0007499671889354,
211,Uninformative,0,,40558,5.069528208140894,
212,Uninformative,0,,18656,2.3318979794633985,
213,Uninformative,0,,52086,6.510465167148937,
214,Uninformative,0,,15370,1.921165948989732,
215,Dead,0,,0,0.0,
216,Uninformative,0,,28094,3.511596367658915,
217,Uninformative,0,,2,0.0002499890629784,
218,Uninformative,0,,23431,2.9287468673245547,
219,Uninformative,0,,30999,3.8747054816351785,
220,Uninformative,0,,847,0.1058703681713925,
221,Uninformative,0,,41312,5.163774084883786,
222,Uninformative,0,,5,0.0006249726574462,
223,Uninformative,0,,11,0.0013749398463817,
224,Uninformative,0,,4670,0.5837244620547851,
225,Uninformative,0,,7217,0.902085533757898,
226,Separable,1,"TXT:Extreme tachycardia with wide complex, n",26692,3.33635403451099,
227,Uninformative,0,,39,0.0048747867280806,
228,Uninformative,0,,30,0.0037498359446774,
229,Entangled,2,TXT:Ventricular pacing; TXT:A-V sequential pacemaker,18572,2.321398438818301,
230,Uninformative,0,,66976,8.37163374102383,
231,Separable,1,"TXT:ST elev, probable normal early repol pat",44688,5.585755623191486,
232,Uninformative,0,,47635,5.9541145074902975,
233,Uninformative,0,,30767,3.845706750329673,
234,Uninformative,0,,286,0.0357484360059247,
235,Uninformative,0,,1,0.0001249945314892,
236,Uninformative,0,,15550,1.943664964657796,
237,Uninformative,0,,37773,4.72141843794334,
238,Uninformative,0,,124049,15.505446636709644,
239,Separable,1,TXT:Incomplete RBBB,48839,6.104607923403351,
240,Uninformative,0,,4,0.0004999781259569,
241,Uninformative,0,,85109,10.638159580518352,
242,Uninformative,0,,11,0.0013749398463817,
243,Separable,1,TXT:Probable sinus tachycardia,9480,1.1849481585180648,
244,Uninformative,0,,20220,2.527389426712581,
245,Uninformative,0,,27718,3.4645984238189578,
246,Uninformative,0,,20387,2.548263513471285,
247,Uninformative,0,,48684,6.0852337710225175,
248,Separable,1,TXT:Incomplete RBBB,141695,17.711100139368902,
249,Uninformative,0,,16,0.0019999125038279,
250,Uninformative,0,,3,0.0003749835944677,
251,Uninformative,0,,18435,2.3042741880042747,
252,Separable,1,TXT:Probable sinus tachycardia,19695,2.4617672976807263,
253,Uninformative,0,,1,0.0001249945314892,
254,Uninformative,0,,1040,0.1299943127488172,
255,Entangled,4,"TXT:Probable sinus tachycardia; TXT:Probable supraventricular tachycardia; TXT:Atrial flutter with uncontrolled ventric; TXT:Extreme tachycardia with wide complex, n",19211,2.401269944439931,
256,Uninformative,0,,3,0.0003749835944677,
257,Uninformative,0,,18,0.0022499015668064,
258,Entangled,2,TXT:Probable supraventricular tachycardia; TXT:Atrial flutter with uncontrolled ventric,3550,0.4437305867868281,
259,Uninformative,0,,1,0.0001249945314892,
260,Uninformative,0,,26191,3.2737317742348773,
261,Entangled,2,TXT:Probable sinus tachycardia; TXT:Probable supraventricular tachycardia,22534,2.8166267725786995,
262,Uninformative,0,,2,0.0002499890629784,
263,Uninformative,0,,5,0.0006249726574462,
264,Uninformative,0,,19331,2.4162692882186403,
265,Separable,1,TXT:Sinus rhythm with bigeminal PVCs,3090,0.3862331023017743,
266,Uninformative,0,,5081,0.6350972144968657,
267,Uninformative,0,,7,0.0008749617204247,
268,Entangled,3,TXT:Extensive infarct - age undetermined; TXT:Possible extensive infarct - age undeter; TXT:Anterolateral infarct - age undetermined,124755,15.593692775941053,
269,Uninformative,0,,252,0.0314986219352903,
270,Uninformative,0,,22943,2.867749535957802,
271,Uninformative,0,,51899,6.487091189760448,
272,Uninformative,0,,29536,3.6918384820664096,
273,Uninformative,0,,62485,7.81028330010562,
274,Separable,1,TXT:Atrial flutter with rapid ventricular re,42792,5.3487659914878725,
275,Uninformative,0,,18507,2.3132737942715007,
276,Uninformative,0,,17,0.0021249070353172,
277,Uninformative,0,,309,0.0386233102301774,
278,Uninformative,0,,12,0.0014999343778709,
279,Uninformative,0,,2,0.0002499890629784,
280,Uninformative,0,,46,0.0057497484485053,
281,Uninformative,0,,9,0.0011249507834032,
282,Uninformative,0,,105393,13.173548657246243,
283,Uninformative,0,,5,0.0006249726574462,
284,Uninformative,0,,149,0.0186241851918978,
285,Uninformative,0,,30727,3.8407069690701032,
286,Uninformative,0,,22328,2.7908778990919147,
287,Uninformative,0,,4,0.0004999781259569,
288,Uninformative,0,,23,0.0028748742242526,
289,Entangled,3,TXT:Atrial flutter with rapid ventricular re; TXT:Atrial flutter with 4:1 A-V block; TXT:Atrial flutter with uncontrolled ventric,11247,1.405813495659565,
290,Uninformative,0,,575,0.0718718556063172,
291,Uninformative,0,,23774,2.9716199916253663,
292,Uninformative,0,,5168,0.6459717387364303,
293,Uninformative,0,,33,0.0041248195391451,
294,Uninformative,0,,2,0.0002499890629784,
295,Uninformative,0,,3,0.0003749835944677,
296,Dead,0,,0,0.0,
297,Uninformative,0,,127,0.0158743054991344,
298,Uninformative,0,,12,0.0014999343778709,
299,Entangled,2,TXT:RBBB and LAFB; TXT:Atrial-sensed ventricular-paced rhythm,12071,1.5088089896067047,
300,Uninformative,0,,23,0.0028748742242526,
301,Uninformative,0,,47651,5.956114419994125,
302,Uninformative,0,,134,0.0167492672195591,
303,Uninformative,0,,1211,0.1513683776334785,
304,Uninformative,0,,35,0.0043748086021236,
305,Uninformative,0,,1,0.0001249945314892,
306,Uninformative,0,,11,0.0013749398463817,
307,Uninformative,0,,3,0.0003749835944677,
308,Uninformative,0,,19677,2.45951739611392,
309,Uninformative,0,,35264,4.407807158436818,
310,Uninformative,0,,1481,0.1851169011355753,
311,Uninformative,0,,27,0.0033748523502096,
312,Uninformative,0,,16921,2.1150324673295544,
313,Uninformative,0,,18467,2.3082740130119306,
314,Uninformative,0,,19929,2.4910160180492102,
315,Uninformative,0,,22282,2.7851281506434096,
316,Uninformative,0,,10,0.0012499453148924,
317,Uninformative,0,,347,0.0433731024267688,
318,Uninformative,0,,4,0.0004999781259569,
319,Uninformative,0,,34364,4.295312080096496,
320,Uninformative,0,,10813,1.3515658689932315,
321,Uninformative,0,,31836,3.979325904491679,
322,Entangled,2,NUM:right_axis; TXT:Severe right axis deviation,57312,7.163686588711744,
323,Uninformative,0,,47941,5.992362834126007,
324,Uninformative,0,,25577,3.196985131900479,
325,Dead,0,,0,0.0,
326,Uninformative,0,,3568,0.4459804883536345,
327,Separable,1,TXT:Marked sinus bradycardia,4056,0.5069778197203872,
328,Uninformative,0,,31677,3.959451773984888,
329,Uninformative,0,,2555,0.3193610279550269,
330,Uninformative,0,,351,0.0438730805527258,
331,Uninformative,0,,2,0.0002499890629784,
332,Uninformative,0,,11,0.0013749398463817,
333,Uninformative,0,,2510,0.3137362740380108,
334,Uninformative,0,,23230,2.903622966495216,
335,Uninformative,0,,6763,0.8453380164617798,
336,Uninformative,0,,5,0.0006249726574462,
337,Uninformative,0,,1352,0.1689926065734624,
338,Uninformative,0,,52862,6.607460923584593,
339,Uninformative,0,,90843,11.354878224077696,
340,Uninformative,0,,10749,1.3435662189779196,
341,Contributing,0,,53645,6.705331641740674,TXT:Atrial pacing
342,Uninformative,0,,23595,2.949245970488791,
343,Uninformative,0,,23,0.0028748742242526,
344,Uninformative,0,,4085,0.5106026611335754,
345,Dead,0,,0,0.0,
346,Uninformative,0,,38672,4.833788521752173,
347,Separable,1,TXT:Marked sinus bradycardia,8165,1.0205803496097046,
348,Uninformative,0,,24859,3.1072390582912,
349,Uninformative,0,,4,0.0004999781259569,
350,Uninformative,0,,8280,1.034954720730968,
351,Uninformative,0,,12178,1.5221834044760545,
352,Uninformative,0,,45943,5.742623760210491,
353,Uninformative,0,,33791,4.223690213553157,
354,Uninformative,0,,33433,4.178942171280006,
355,Uninformative,0,,3,0.0003749835944677,
356,Entangled,2,TXT:Sinus rhythm with bigeminal PVCs; TXT:Marked sinus bradycardia,20429,2.553513283793834,
357,Uninformative,0,,11061,1.382564512802565,
358,Uninformative,0,,439,0.0548725993237795,
359,Uninformative,0,,400,0.0499978125956989,
360,Uninformative,0,,32257,4.031948602248652,
361,Separable,1,TXT:Atrial fibrillation with slow ventricula,73420,9.17709850194054,
362,Uninformative,0,,143,0.0178742180029623,
363,Uninformative,0,,43048,5.38076459154912,
364,Uninformative,0,,67432,8.428631247382928,
365,Uninformative,0,,5226,0.6532214215628066,
366,Uninformative,0,,8,0.0009999562519139,
367,Uninformative,0,,2891,0.3613591905354141,
368,Uninformative,0,,29,0.0036248414131881,
369,Uninformative,0,,8,0.0009999562519139,
370,Uninformative,0,,1469,0.1836169667577043,
371,Dead,0,,0,0.0,
372,Uninformative,0,,22066,2.758129331841732,
373,Uninformative,0,,1852,0.231489872318086,
374,Uninformative,0,,11665,1.4580612098220702,
375,Uninformative,0,,3,0.0003749835944677,
376,Uninformative,0,,22,0.0027498796927634,
377,Uninformative,0,,9961,1.2450705281643928,
378,Uninformative,0,,1517,0.1896167042691882,
379,Uninformative,0,,16,0.0019999125038279,
380,Uninformative,0,,15308,1.9134162880373984,
381,Uninformative,0,,2,0.0002499890629784,
382,Uninformative,0,,8,0.0009999562519139,
383,Uninformative,0,,8683,1.0853275169211347,
384,Uninformative,0,,14105,1.7630478666558338,
385,Uninformative,0,,1,0.0001249945314892,
386,Uninformative,0,,45,0.0056247539170161,
387,Uninformative,0,,8927,1.115826182604511,
388,Separable,1,"TXT:ST elev, probable normal early repol pat",34929,4.36593399038792,
389,Uninformative,0,,142,0.0177492234714731,
390,Uninformative,0,,17,0.0021249070353172,
391,Uninformative,0,,32605,4.07544669920691,
392,Uninformative,0,,1769,0.2211153262044785,
393,Uninformative,0,,32,0.0039998250076559,
394,Uninformative,0,,64342,8.042398145081153,
395,Uninformative,0,,10801,1.3500659346153605,
396,Separable,1,NUM:bradycardia,73365,9.170223802708632,
397,Uninformative,0,,5845,0.7305930365546507,
398,Uninformative,0,,76332,9.541082577637228,
399,Uninformative,0,,2,0.0002499890629784,
400,Uninformative,0,,4,0.0004999781259569,
401,Uninformative,0,,24776,3.0968645121775924,
402,Uninformative,0,,4,0.0004999781259569,
403,Separable,1,TXT:Sinus rhythm with bigeminal PVCs,99582,12.447205434762228,TXT:Junctional rhythm
404,Uninformative,0,,78988,9.87306805327267,
405,Uninformative,0,,17654,2.206653458911173,
406,Uninformative,0,,24562,3.0701156824388933,
407,Uninformative,0,,6305,0.7880905210397046,
408,Uninformative,0,,16617,2.0770341297568238,
409,Uninformative,0,,2,0.0002499890629784,
410,Uninformative,0,,3053,0.3816083046366721,
411,Dead,0,,0,0.0,
412,Uninformative,0,,11,0.0013749398463817,
413,Uninformative,0,,7,0.0008749617204247,
414,Uninformative,0,,1,0.0001249945314892,
415,Uninformative,0,,1074,0.1342441268194516,
416,Uninformative,0,,7558,0.9447086689957316,
417,Uninformative,0,,15330,1.9161661677301616,
418,Uninformative,0,,3186,0.398232577324742,
419,Uninformative,0,,1232,0.1539932627947527,
420,Entangled,2,TXT:Probable supraventricular tachycardia; TXT:Atrial flutter with uncontrolled ventric,2592,0.3239858256201291,
421,Uninformative,0,,7,0.0008749617204247,
422,Uninformative,0,,165,0.0206240976957258,
423,Uninformative,0,,8872,1.1089514833726024,
424,Uninformative,0,,4,0.0004999781259569,
425,Uninformative,0,,27820,3.477347866030861,
426,Uninformative,0,,38302,4.787540545101152,
427,Uninformative,0,,20540,2.5673876767891404,
428,Uninformative,0,,559,0.0698719431024892,
429,Uninformative,0,,74755,9.343966201478686,
430,Uninformative,0,,44,0.0054997593855268,
431,Separable,1,TXT:Atrial flutter with rapid ventricular re,8328,1.040954458242452,
432,Uninformative,0,,11206,1.4006887198685058,
433,Uninformative,0,,8731,1.0913272544326185,
434,Uninformative,0,,70697,8.83673839269532,
435,Uninformative,0,,13,0.0016249289093602,
436,Uninformative,0,,3804,0.4754791977850969,
437,Uninformative,0,,363,0.0453730149305967,
438,Uninformative,0,,5,0.0006249726574462,
439,Uninformative,0,,28302,3.5375952302086784,
440,Uninformative,0,,47124,5.890242301899292,
441,Separable,1,TXT:Marked sinus bradycardia,1879,0.2348647246682957,
442,Uninformative,0,,1088,0.1359940502603011,
443,Separable,1,"TXT:ST elev, probable normal early repol pat",66975,8.37150874649234,
444,Uninformative,0,,4,0.0004999781259569,
445,Separable,1,TXT:Marked sinus bradycardia,6618,0.8272138093958389,
446,Uninformative,0,,9832,1.2289462336022798,
447,Uninformative,0,,10519,1.3148174767353928,
448,Uninformative,0,,1287,0.1608679620266613,
449,Uninformative,0,,3,0.0003749835944677,
450,Uninformative,0,,66,0.0082496390782903,
451,Uninformative,0,,2,0.0002499890629784,
452,Uninformative,0,,2,0.0002499890629784,
453,Uninformative,0,,94,0.0117494859599892,
454,Entangled,2,"TXT:Atrial flutter with uncontrolled ventric; TXT:Extreme tachycardia with wide complex, n",4714,0.589224221440312,
455,Uninformative,0,,10194,1.2741942540013875,
456,Uninformative,0,,35,0.0043748086021236,
457,Uninformative,0,,140423,17.55210709531458,
458,Uninformative,0,,38,0.0047497921965913,
459,Uninformative,0,,22,0.0027498796927634,
460,Uninformative,0,,53796,6.72420581599555,
461,Uninformative,0,,618,0.0772466204603548,
462,Uninformative,0,,9801,1.2250714031261132,
463,Uninformative,0,,12730,1.5911803858581186,
464,Uninformative,0,,6436,0.8044648046647959,
465,Uninformative,0,,4540,0.567475172961183,
466,Uninformative,0,,37834,4.729043104364184,
467,Uninformative,0,,63137,7.89177973463661,
468,Uninformative,0,,11283,1.410313298793178,
469,Uninformative,0,,4,0.0004999781259569,
470,Uninformative,0,,6,0.0007499671889354,
471,Separable,1,TXT:Atrial flutter with rapid ventricular re,19213,2.401519933502909,
472,Uninformative,0,,1246,0.1557431862356021,
473,Uninformative,0,,4495,0.5618504190441668,
474,Uninformative,0,,4835,0.6043485597505109,
475,Separable,1,TXT:Severe right axis deviation,7889,0.9860818589186724,
476,Separable,1,TXT:Probable junctional rhythm,28464,3.5578443443099363,
477,Uninformative,0,,1859,0.2323648340385108,
478,Uninformative,0,,11,0.0013749398463817,
479,Dead,0,,0,0.0,
480,Uninformative,0,,1,0.0001249945314892,
481,Uninformative,0,,1,0.0001249945314892,
482,Uninformative,0,,10,0.0012499453148924,
483,Uninformative,0,,70119,8.764491553494535,
484,Uninformative,0,,21511,2.6887573668652,
485,Uninformative,0,,5779,0.7223433974763604,
486,Separable,1,TXT:Anterolateral ST-T changes may be due to,71659,8.956983131987975,
487,Uninformative,0,,14,0.0017499234408494,
488,Separable,1,"TXT:Abnormal R-wave progression, early trans",48263,6.032611073265545,
489,Uninformative,0,,5,0.0006249726574462,
490,Uninformative,0,,76380,9.547082315148712,
491,Uninformative,0,,46,0.0057497484485053,
492,Dead,0,,0,0.0,
493,Uninformative,0,,226,0.0282487641165699,
494,Uninformative,0,,33,0.0041248195391451,
495,Entangled,6,"NUM:tachycardia; TXT:Probable sinus tachycardia; TXT:Probable supraventricular tachycardia; TXT:Atrial flutter with rapid ventricular re; TXT:Atrial flutter with uncontrolled ventric; TXT:Extreme tachycardia with wide complex, n",62778,7.84690669783197,
496,Uninformative,0,,127,0.0158743054991344,
497,Uninformative,0,,5549,0.6935946552338336,
498,Contributing,0,,40112,5.01378064709669,TXT:Tall T waves - consider acute ischemia o
499,Uninformative,0,,7,0.0008749617204247,
500,Dead,0,,0,0.0,
501,Uninformative,0,,6141,0.7675914178754679,
502,Uninformative,0,,47877,5.984363184110695,
503,Uninformative,0,,21515,2.6892573449911565,
504,Separable,1,TXT:Marked sinus bradycardia,1627,0.2033661027330054,
505,Uninformative,0,,8908,1.1134512865062154,
506,Uninformative,0,,18953,2.369021355315705,
507,Uninformative,0,,64014,8.00139993875268,
508,Uninformative,0,,50159,6.269600704969157,
509,Uninformative,0,,9,0.0011249507834032,
510,Uninformative,0,,27941,3.49247220434106,
511,Uninformative,0,,2205,0.2756129419337904,
512,Uninformative,0,,20052,2.506390345422388,
513,Entangled,2,"TXT:Probable supraventricular tachycardia; TXT:Extreme tachycardia with wide complex, n",8775,1.0968270138181455,
514,Uninformative,0,,10897,1.3620654096383282,
515,Uninformative,0,,11776,1.471935602817377,
516,Uninformative,0,,814,0.1017455486322473,
517,Uninformative,0,,11,0.0013749398463817,
518,Uninformative,0,,17570,2.196153918266076,
519,Uninformative,0,,25598,3.1996100170617536,
520,Uninformative,0,,6,0.0007499671889354,
521,Uninformative,0,,6,0.0007499671889354,
522,Uninformative,0,,9256,1.1569493834644735,
523,Separable,1,TXT:Possible extensive infarct - age undeter,26419,3.3022305274144257,
524,Uninformative,0,,23140,2.892373458661184,
525,Uninformative,0,,4434,0.5542257526233227,
526,Uninformative,0,,12,0.0014999343778709,
527,Uninformative,0,,7573,0.94658358696807,
528,Uninformative,0,,20,0.0024998906297849,
529,Uninformative,0,,42447,5.305642878124082,
530,Dead,0,,0,0.0,
531,Uninformative,0,,4354,0.5442261901041829,
532,Uninformative,0,,975,0.1218696682020161,
533,Uninformative,0,,1,0.0001249945314892,
534,Uninformative,0,,1240,0.1549932190466667,
535,Entangled,2,"TXT:Abnormal R-wave progression, early trans; TXT:ST elev, probable normal early repol pat",53499,6.687082440143244,
536,Uninformative,0,,1,0.0001249945314892,
537,Dead,0,,0,0.0,
538,Uninformative,0,,8,0.0009999562519139,
539,Uninformative,0,,1533,0.1916166167730161,
540,Uninformative,0,,27750,3.468598248826614,
541,Uninformative,0,,262,0.0327485672501828,
542,Uninformative,0,,3553,0.4441055703812958,
543,Separable,1,TXT:Sinus rhythm with bigeminal PVCs,8182,1.022705256645022,
544,Separable,1,TXT:Atrial flutter with uncontrolled ventric,61702,7.71241258194954,
545,Separable,1,TXT:Atrial flutter with uncontrolled ventric,5446,0.6807202184904411,
546,Uninformative,0,,613,0.0766216478029086,
547,Uninformative,0,,13,0.0016249289093602,
548,Uninformative,0,,20,0.0024998906297849,
549,Uninformative,0,,10224,1.2779440899460648,
550,Uninformative,0,,4,0.0004999781259569,
551,Uninformative,0,,77399,9.674451742736256,
552,Uninformative,0,,5799,0.7248432881061454,
553,Uninformative,0,,1024,0.1279944002449893,
554,Uninformative,0,,52663,6.582587011818233,
555,Separable,1,TXT:Atrial flutter with 4:1 A-V block,15820,1.977413488159893,
556,Uninformative,0,,7710,0.963707837782097,
557,Entangled,3,TXT:Ventricular pacing; TXT:A-V sequential pacemaker; TXT:Atrial-sensed ventricular-paced rhythm,19590,2.448642871874356,
558,Uninformative,0,,8,0.0009999562519139,
559,Uninformative,0,,343,0.0428731243008118,
560,Uninformative,0,,41328,5.165773997387614,
561,Uninformative,0,,19335,2.416769266344597,
562,Uninformative,0,,41652,5.206272225590131,
563,Separable,1,TXT:Probable sinus tachycardia,10486,1.3106926571962476,
564,Uninformative,0,,41816,5.226771328754367,
565,Uninformative,0,,14888,1.8609185848119143,
566,Uninformative,0,,5891,0.7363427850031561,
567,Uninformative,0,,25427,3.178235952177092,
568,Uninformative,0,,15678,1.95966426468842,
569,Entangled,4,NUM:wide_qrs; TXT:Severe right axis deviation; TXT:RBBB and LAFB; TXT:Incomplete RBBB,77174,9.646327973151177,TXT:Junctional rhythm; TXT:Tall T waves - consider acute ischemia o
570,Uninformative,0,,5911,0.738842675632941,
571,Uninformative,0,,17678,2.2096533276669144,
572,Uninformative,0,,21073,2.634009762072909,
573,Uninformative,0,,76641,9.579705887867403,
574,Uninformative,0,,20,0.0024998906297849,
575,Uninformative,0,,9948,1.2434455992550326,
576,Uninformative,0,,73922,9.239845756748142,
577,Uninformative,0,,31159,3.894704606673458,
578,Uninformative,0,,3,0.0003749835944677,
579,Uninformative,0,,755,0.0943708712743817,
580,Uninformative,0,,5,0.0006249726574462,
581,Uninformative,0,,10663,1.3328166892698443,
582,Uninformative,0,,55204,6.900198116332411,
583,Uninformative,0,,12,0.0014999343778709,
584,Uninformative,0,,26,0.0032498578187204,
585,Uninformative,0,,14719,1.839794508990232,
586,Uninformative,0,,50812,6.351222134031636,
587,Uninformative,0,,30267,3.783209484585049,
588,Uninformative,0,,15763,1.9702887998650056,
589,Uninformative,0,,16513,2.064034698481941,
590,Entangled,2,TXT:Probable supraventricular tachycardia; TXT:Atrial flutter with uncontrolled ventric,7991,0.9988313011305756,
591,Uninformative,0,,2,0.0002499890629784,
592,Uninformative,0,,32,0.0039998250076559,
593,Uninformative,0,,11305,1.413063178485941,
594,Uninformative,0,,20217,2.5270144431181136,
595,Uninformative,0,,8,0.0009999562519139,
596,Uninformative,0,,6708,0.8384633172298712,
597,Uninformative,0,,6,0.0007499671889354,
598,Uninformative,0,,11615,1.451811483247608,
599,Uninformative,0,,1561,0.1951164636547151,
600,Uninformative,0,,825,0.103120488478629,
601,Uninformative,0,,2,0.0002499890629784,
602,Uninformative,0,,11311,1.4138131456748768,
603,Uninformative,0,,3313,0.4141068828238765,
604,Uninformative,0,,10390,1.29869318217328,
605,Uninformative,0,,38,0.0047497921965913,
606,Uninformative,0,,964,0.1204947283556344,
607,Dead,0,,0,0.0,
608,Uninformative,0,,58,0.0072496828263763,
609,Entangled,2,TXT:RBBB and LAFB; TXT:Atrial-sensed ventricular-paced rhythm,19017,2.377021005331017,
610,Uninformative,0,,27277,3.4094758354322,
611,Uninformative,0,,6157,0.769591330379296,
612,Uninformative,0,,18,0.0022499015668064,
613,Uninformative,0,,14307,1.788296762016662,
614,Uninformative,0,,48264,6.032736067797034,
615,Uninformative,0,,29378,3.672089346091109,
616,Entangled,2,TXT:Probable sinus tachycardia; TXT:Atrial flutter with uncontrolled ventric,3910,0.4887286181229571,
617,Uninformative,0,,9013,1.1265757123125864,
618,Uninformative,0,,2133,0.2666133356665646,
619,Uninformative,0,,12885,1.610554538238952,
620,Uninformative,0,,5901,0.7375927303180486,
621,Uninformative,0,,357,0.0446230477416613,
622,Uninformative,0,,776,0.0969957564356559,
623,Contributing,0,,44908,5.61325442011912,TXT:Tall T waves - consider acute ischemia o
624,Uninformative,0,,1493,0.1866168355134463,
625,Uninformative,0,,41,0.0051247757910591,
626,Uninformative,0,,18,0.0022499015668064,
627,Uninformative,0,,1,0.0001249945314892,
628,Uninformative,0,,60946,7.617916716143669,
629,Uninformative,0,,1771,0.221365315267457,
630,Uninformative,0,,1263,0.1578680932709193,
631,Uninformative,0,,46547,5.8181204572299965,
632,Uninformative,0,,33877,4.234439743261232,
633,Entangled,3,TXT:Ventricular pacing; TXT:A-V sequential pacemaker; TXT:Atrial-sensed ventricular-paced rhythm,18901,2.362521639678264,TXT:Atrial pacing
634,Uninformative,0,,40383,5.047654165130275,
635,Uninformative,0,,1705,0.2131156761891667,
636,Uninformative,0,,786,0.0982457017505484,
637,Uninformative,0,,18889,2.361021705300393,
638,Entangled,3,TXT:Ventricular pacing; TXT:A-V sequential pacemaker; TXT:Atrial-sensed ventricular-paced rhythm,14138,1.767172686194979,
639,Uninformative,0,,26886,3.3606029736199043,
640,Uninformative,0,,49477,6.184354434493491,
641,Uninformative,0,,82935,10.366421469060729,
642,Uninformative,0,,22020,2.7523795833932265,
643,Uninformative,0,,3063,0.3828582499515646,
644,Uninformative,0,,19979,2.497265744623673,
645,Uninformative,0,,3131,0.3913578780928334,
646,Uninformative,0,,4,0.0004999781259569,
647,Uninformative,0,,1,0.0001249945314892,
648,Uninformative,0,,808,0.1009955814433118,
649,Uninformative,0,,3252,0.4064822164030324,
650,Uninformative,0,,12921,1.6150543413725649,
651,Separable,1,TXT:Probable sinus tachycardia,9671,1.208822114032511,
652,Uninformative,0,,2345,0.293112176342285,
653,Uninformative,0,,5,0.0006249726574462,
654,Uninformative,0,,4,0.0004999781259569,
655,Uninformative,0,,18512,2.313898766928947,
656,Uninformative,0,,10104,1.262944746167355,
657,Uninformative,0,,23,0.0028748742242526,
658,Uninformative,0,,2603,0.3253607654665108,
659,Uninformative,0,,10,0.0012499453148924,
660,Uninformative,0,,1060,0.1324942033786021,
661,Uninformative,0,,145,0.0181242070659408,
662,Uninformative,0,,50500,6.312223840206991,
663,Uninformative,0,,20149,2.518514814976845,
664,Uninformative,0,,9247,1.1558244326810705,
665,Uninformative,0,,27903,3.4877224121444685,
666,Uninformative,0,,17767,2.2207778409694576,
667,Uninformative,0,,4,0.0004999781259569,
668,Uninformative,0,,522,0.0652471454373871,
669,Uninformative,0,,3,0.0003749835944677,
670,Uninformative,0,,24511,3.063740961332942,
671,Uninformative,0,,40,0.0049997812595698,
672,Uninformative,0,,79513,9.938690182304525,
673,Uninformative,0,,33984,4.2478141581305815,
674,Uninformative,0,,52243,6.530089308592749,
675,Uninformative,0,,3072,0.3839832007349678,
676,Uninformative,0,,3,0.0003749835944677,
677,Uninformative,0,,30773,3.846456717518608,
678,Uninformative,0,,45745,5.71787484297562,
679,Uninformative,0,,28853,3.6064672170592535,
680,Uninformative,0,,50185,6.272850562787878,
681,Uninformative,0,,331,0.0413731899229408,
682,Uninformative,0,,70250,8.780865837119626,
683,Uninformative,0,,49927,6.240601973663653,
684,Uninformative,0,,7,0.0008749617204247,
685,Uninformative,0,,36020,4.502303024242689,
686,Uninformative,0,,368,0.045997987588043,
687,Uninformative,0,,18,0.0022499015668064,
688,Uninformative,0,,3187,0.3983575718562313,
689,Uninformative,0,,2174,0.2717381114576237,
690,Separable,1,"TXT:ST elev, probable normal early repol pat",42190,5.273519283531345,
691,Uninformative,0,,7,0.0008749617204247,
692,Uninformative,0,,52267,6.533089177348491,
693,Uninformative,0,,3949,0.4936034048510377,
694,Dead,0,,0,0.0,
695,Entangled,3,TXT:Ventricular pacing; TXT:A-V sequential pacemaker; TXT:Atrial-sensed ventricular-paced rhythm,17098,2.1371564994031518,
696,Uninformative,0,,2847,0.3558594311498872,
697,Separable,1,"TXT:Abnormal R-wave progression, early trans",59809,7.475797933840394,
698,Entangled,3,TXT:Probable sinus tachycardia; TXT:Probable supraventricular tachycardia; TXT:Atrial flutter with uncontrolled ventric,7173,0.8965857743723712,
699,Uninformative,0,,10701,1.337566481466436,
700,Uninformative,0,,144,0.0179992125344516,
701,Uninformative,0,,48487,6.060609848319136,
702,Uninformative,0,,14553,1.8190454167630168,
703,Uninformative,0,,1810,0.2262401019955377,
704,Uninformative,0,,169,0.0211240758216828,
705,Separable,1,TXT:Marked sinus bradycardia,4644,0.5804746042360647,
706,Uninformative,0,,30562,3.820082871374377,
707,Uninformative,0,,6648,0.8309636453405164,
708,Uninformative,0,,9,0.0011249507834032,
709,Entangled,2,TXT:Ventricular pacing; TXT:A-V sequential pacemaker,20840,2.6048860362359147,
710,Uninformative,0,,1,0.0001249945314892,
711,Uninformative,0,,11427,1.4283125113276294,
712,Uninformative,0,,13440,1.6799265032154844,
713,Uninformative,0,,2,0.0002499890629784,
714,Uninformative,0,,13683,1.7103001743673714,
715,Entangled,2,TXT:Sinus rhythm with bigeminal PVCs; TXT:Marked sinus bradycardia,27913,3.488972357459361,
716,Uninformative,0,,15069,1.883542595011468,
717,Separable,1,TXT:Marked sinus bradycardia,5364,0.6704706669083228,
718,Uninformative,0,,7,0.0008749617204247,
719,Uninformative,0,,23,0.0028748742242526,
720,Uninformative,0,,13631,1.7038004587299305,
721,Uninformative,0,,6863,0.8578374696107045,
722,Uninformative,0,,6377,0.7970901273069303,
723,Uninformative,0,,9731,1.216321785921866,
724,Uninformative,0,,68585,8.572749942190029,
725,Uninformative,0,,42763,5.345141150074684,
726,Uninformative,0,,46792,5.848744117444862,
727,Uninformative,0,,21487,2.685757498109458,
728,Separable,1,TXT:Anterolateral infarct - age undetermined,24079,3.009743323729587,
729,Uninformative,0,,10,0.0012499453148924,
730,Uninformative,0,,17,0.0021249070353172,
731,Uninformative,0,,39219,4.902160530476792,
732,Uninformative,0,,2108,0.2634884723793334,
733,Uninformative,0,,9467,1.1833232296087046,
734,Uninformative,0,,106,0.0132494203378602,
735,Uninformative,0,,39,0.0048747867280806,
736,Uninformative,0,,3455,0.4318561062953496,
737,Uninformative,0,,24410,3.051116513652528,
738,Uninformative,0,,379,0.0473729274344247,
739,Uninformative,0,,9,0.0011249507834032,
740,Separable,1,TXT:Accelerated idioventricular rhythm,71734,8.966357721849668,
741,Uninformative,0,,12,0.0014999343778709,
742,Uninformative,0,,47026,5.877992837813346,
743,Separable,1,"TXT:ST elev, probable normal early repol pat",52851,6.606085983738211,
744,Uninformative,0,,20,0.0024998906297849,
745,Uninformative,0,,6957,0.8695869555706938,
746,Uninformative,0,,2,0.0002499890629784,
747,Separable,1,TXT:Sinus rhythm with bigeminal PVCs,12728,1.5909303967951405,
748,Uninformative,0,,10340,1.2924434555988176,
749,Uninformative,0,,23,0.0028748742242526,
750,Separable,1,TXT:Probable supraventricular tachycardia,6696,0.8369633828520002,
751,Separable,1,TXT:Atrial flutter with 4:1 A-V block,35978,4.497053253920141,
752,Dead,0,,0,0.0,
753,Uninformative,0,,8016,1.0019561644178068,
754,Uninformative,0,,16353,2.044035573443662,
755,Uninformative,0,,6,0.0007499671889354,
756,Uninformative,0,,63676,7.959151787109314,
757,Entangled,4,TXT:Atrial flutter with rapid ventricular re; TXT:Atrial flutter; TXT:Atrial flutter with 4:1 A-V block; TXT:Atrial flutter with uncontrolled ventric,32793,4.098945671126888,TXT:Junctional rhythm
758,Uninformative,0,,730,0.0912460079871505,
759,Uninformative,0,,751,0.0938708931484247,
760,Uninformative,0,,14078,1.759673014305624,
761,Separable,1,TXT:Atrial-sensed ventricular-paced rhythm,14153,1.7690476041673178,
762,Uninformative,0,,7,0.0008749617204247,
763,Uninformative,0,,4631,0.5788496753267045,
764,Uninformative,0,,8,0.0009999562519139,
765,Uninformative,0,,12262,1.532682945121151,
766,Uninformative,0,,67141,8.392257838719557,
767,Uninformative,0,,33023,4.127694413369415,
768,Entangled,2,TXT:Probable supraventricular tachycardia; TXT:Atrial flutter with uncontrolled ventric,6949,0.8685869993187798,
769,Uninformative,0,,59904,7.487672414331873,
770,Uninformative,0,,29687,3.7107126563212858,
771,Uninformative,0,,1340,0.1674926721955914,
772,Uninformative,0,,438,0.0547476047922903,
773,Uninformative,0,,1603,0.2003662339772635,
774,Uninformative,0,,24329,3.0409919566018986,
775,Uninformative,0,,33245,4.155443199360028,
776,Uninformative,0,,23553,2.9439962001662425,
777,Uninformative,0,,36690,4.5860493603404855,
778,Uninformative,0,,8,0.0009999562519139,
779,Uninformative,0,,6,0.0007499671889354,
780,Uninformative,0,,50,0.0062497265744623,
781,Separable,1,TXT:Marked sinus bradycardia,18694,2.33664777165999,
782,Uninformative,0,,53499,6.687082440143244,
783,Uninformative,0,,20,0.0024998906297849,
784,Uninformative,0,,118263,14.78222827751286,
785,Uninformative,0,,4223,0.5278519064790915,
786,Uninformative,0,,14679,1.8347947277306615,
787,Uninformative,0,,41227,5.153149549707201,
788,Uninformative,0,,6590,0.82371396251414,
789,Uninformative,0,,21000,2.6248851612741944,
790,Uninformative,0,,31,0.0038748304761666,
791,Uninformative,0,,78187,9.772947433549785,
792,Uninformative,0,,4,0.0004999781259569,
793,Uninformative,0,,54040,6.754704481678926,
794,Uninformative,0,,30,0.0037498359446774,
795,Uninformative,0,,899,0.1123700838088333,
796,Uninformative,0,,361,0.0451230258676182,
797,Uninformative,0,,3295,0.41185698125707,
798,Uninformative,0,,3928,0.4909785196897636,
799,Uninformative,0,,10969,1.3710650159055542,
800,Entangled,3,"TXT:Probable supraventricular tachycardia; TXT:Atrial flutter with uncontrolled ventric; TXT:Extreme tachycardia with wide complex, n",8829,1.1035767185185648,
801,Uninformative,0,,24500,3.06236602148656,
802,Entangled,4,"TXT:Probable sinus tachycardia; TXT:Probable supraventricular tachycardia; TXT:Atrial flutter with uncontrolled ventric; TXT:Extreme tachycardia with wide complex, n",6892,0.8614623110238927,
803,Uninformative,0,,49496,6.1867293305917865,
804,Uninformative,0,,10990,1.3736899010668284,
805,Uninformative,0,,95447,11.930353047054192,
806,Uninformative,0,,30969,3.870955645690501,
807,Uninformative,0,,33,0.0041248195391451,
808,Uninformative,0,,25861,3.2324835788434254,
809,Uninformative,0,,134,0.0167492672195591,
810,Entangled,2,TXT:Sinus rhythm with bigeminal PVCs; TXT:Marked sinus bradycardia,8278,1.0347047316679896,
811,Uninformative,0,,1,0.0001249945314892,
812,Uninformative,0,,424,0.0529976813514408,
813,Uninformative,0,,12246,1.530683032617323,
814,Uninformative,0,,688,0.0859962376646021,
815,Uninformative,0,,8,0.0009999562519139,
816,Uninformative,0,,21299,2.662258526189479,
817,Uninformative,0,,5917,0.7395926428218765,
818,Uninformative,0,,4,0.0004999781259569,
819,Uninformative,0,,886,0.1107451548994731,
820,Uninformative,0,,8569,1.0710781403313605,
821,Uninformative,0,,19151,2.393770272550576,
822,Uninformative,0,,8,0.0009999562519139,
823,Uninformative,0,,39399,4.924659546144857,
824,Separable,1,TXT:Probable supraventricular tachycardia,2616,0.326985694375871,
825,Uninformative,0,,17135,2.141781297068253,
826,Uninformative,0,,5,0.0006249726574462,
827,Separable,1,"TXT:Abnormal R-wave progression, early trans",37274,4.659046166730206,
828,Separable,1,TXT:Anterolateral infarct - age undetermined,14839,1.8547938527689412,
829,Uninformative,0,,112,0.0139993875267957,
830,Separable,1,TXT:Atrial flutter with rapid ventricular re,10788,1.3484410057060003,
831,Uninformative,0,,48678,6.0844838038335824,
832,Uninformative,0,,14846,1.855668814489366,
833,Separable,1,TXT:Sinus rhythm with bigeminal PVCs,31814,3.976576024798915,
834,Uninformative,0,,2,0.0002499890629784,
835,Entangled,2,"TXT:Abnormal R-wave progression, early trans; TXT:ST elev, probable normal early repol pat",60216,7.5266707081565185,
836,Uninformative,0,,1,0.0001249945314892,
837,Uninformative,0,,159,0.0198741305067903,
838,Uninformative,0,,38091,4.761166698956921,
839,Uninformative,0,,823,0.1028704994156505,
840,Entangled,3,TXT:Probable sinus tachycardia; TXT:Probable supraventricular tachycardia; TXT:Atrial flutter with uncontrolled ventric,22611,2.826251351503372,
841,Uninformative,0,,33665,4.207940902585512,
842,Uninformative,0,,21651,2.706256601273694,
843,Uninformative,0,,1,0.0001249945314892,
844,Uninformative,0,,21756,2.719381027080065,
845,Uninformative,0,,23677,2.9594955220709096,
846,Uninformative,0,,6323,0.7903404226065109,
847,Uninformative,0,,3,0.0003749835944677,
848,Uninformative,0,,23,0.0028748742242526,
849,Uninformative,0,,11470,1.433687276181667,
850,Uninformative,0,,2902,0.3627341303817958,
851,Uninformative,0,,2,0.0002499890629784,
852,Entangled,2,TXT:Ventricular pacing; TXT:A-V sequential pacemaker,21483,2.6852575199835007,
853,Uninformative,0,,74,0.0092495953302043,
854,Uninformative,0,,2,0.0002499890629784,
855,Uninformative,0,,1254,0.1567431424875161,
856,Uninformative,0,,21478,2.6846325473260544,
857,Uninformative,0,,7270,0.9087102439268282,
858,Dead,0,,0,0.0,
859,Uninformative,0,,1219,0.1523683338853925,
860,Uninformative,0,,109,0.0136244039323279,
861,Uninformative,0,,1554,0.1942415019342903,
862,Separable,1,TXT:Atrial flutter with rapid ventricular re,8768,1.0959520520977206,
863,Uninformative,0,,7035,0.8793365290268551,
864,Uninformative,0,,1854,0.2317398613810646,
865,Contributing,0,,52685,6.585336891510996,TXT:Atrial pacing
866,Uninformative,0,,43,0.0053747648540376,
867,Uninformative,0,,41716,5.2142718756054425,
868,Uninformative,0,,47,0.0058747429799946,
869,Uninformative,0,,1,0.0001249945314892,
870,Uninformative,0,,19,0.0023748960982956,
871,Uninformative,0,,4,0.0004999781259569,
872,Uninformative,0,,7,0.0008749617204247,
873,Uninformative,0,,2729,0.341110076434156,
874,Uninformative,0,,36,0.0044998031336129,
875,Uninformative,0,,1,0.0001249945314892,
876,Uninformative,0,,2768,0.3459848631622366,
877,Uninformative,0,,34474,4.309061478560313,
878,Contributing,0,,49702,6.212478204078572,TXT:Tall T waves - consider acute ischemia o
879,Uninformative,0,,8,0.0009999562519139,
880,Uninformative,0,,15371,1.9212909435212209,
881,Uninformative,0,,1,0.0001249945314892,
882,Contributing,0,,51064,6.382720755966926,TXT:Atrial pacing
883,Uninformative,0,,594,0.0742467517046129,
884,Entangled,2,TXT:Ventricular pacing; TXT:A-V sequential pacemaker,28699,3.587218059209909,
885,Uninformative,0,,21,0.0026248851612741,
886,Entangled,4,TXT:Ventricular pacing; TXT:A-V sequential pacemaker; TXT:Extensive infarct - age undetermined; TXT:Accelerated idioventricular rhythm,28011,3.5012218215453075,
887,Uninformative,0,,218,0.0272488078646559,
888,Uninformative,0,,15900,1.9874130506790328,
889,Uninformative,0,,20614,2.5766372721193447,
890,Uninformative,0,,151,0.0188741742548763,
891,Uninformative,0,,17364,2.170405044779291,
892,Uninformative,0,,20121,2.5150149680951457,
893,Uninformative,0,,23,0.0028748742242526,
894,Uninformative,0,,5,0.0006249726574462,
895,Uninformative,0,,10858,1.3571906229102475,
896,Uninformative,0,,46,0.0057497484485053,
897,Uninformative,0,,15839,1.9797883842581887,
898,Uninformative,0,,93046,11.630241176948507,
899,Separable,1,TXT:Atrial flutter with 4:1 A-V block,17570,2.196153918266076,
900,Uninformative,0,,12,0.0014999343778709,
901,Uninformative,0,,9,0.0011249507834032,
902,Uninformative,0,,19496,2.436893385914366,
903,Uninformative,0,,50148,6.268225765122776,
904,Uninformative,0,,1408,0.1759923003368602,
905,Uninformative,0,,43716,5.464260938583937,
906,Uninformative,0,,2115,0.2643634340997581,
907,Uninformative,0,,14987,1.87329304342935,
908,Uninformative,0,,70,0.0087496172042473,
909,Uninformative,0,,17988,2.2484016324285814,
910,Uninformative,0,,4,0.0004999781259569,
911,Uninformative,0,,18,0.0022499015668064,
912,Uninformative,0,,17919,2.2397770097558234,
913,Uninformative,0,,15570,1.9461648552875808,
914,Uninformative,0,,2059,0.2573637403363603,
915,Separable,1,TXT:Atrial-sensed ventricular-paced rhythm,3228,0.4034823476472904,
916,Uninformative,0,,6404,0.80046497965714,
917,Uninformative,0,,23771,2.9712450080308987,
918,Uninformative,0,,11,0.0013749398463817,
919,Uninformative,0,,12,0.0014999343778709,
920,Uninformative,0,,23,0.0028748742242526,
921,Uninformative,0,,155,0.0193741523808333,
922,Uninformative,0,,9,0.0011249507834032,
923,Uninformative,0,,18,0.0022499015668064,
924,Uninformative,0,,19205,2.4005199772509958,
925,Uninformative,0,,12,0.0014999343778709,
926,Uninformative,0,,37203,4.650171554994469,
927,Uninformative,0,,65,0.008124644546801,
928,Uninformative,0,,69905,8.737742723755836,
929,Uninformative,0,,299,0.0373733649152849,
930,Uninformative,0,,13484,1.6854262626010112,
931,Separable,1,TXT:Marked sinus bradycardia,3658,0.4572299961876668,
932,Uninformative,0,,52,0.0064997156374408,
933,Uninformative,0,,5448,0.6809702075534195,
934,Uninformative,0,,34571,4.32118594811477,
935,Uninformative,0,,60067,7.50804652296462,
936,Uninformative,0,,178,0.022249026605086,
937,Uninformative,0,,10913,1.3640653221421564,
938,Uninformative,0,,2,0.0002499890629784,
939,Uninformative,0,,60681,7.584793165299018,
940,Uninformative,0,,4,0.0004999781259569,
941,Uninformative,0,,7523,0.9403338603936078,
942,Uninformative,0,,14424,1.802921122200904,
943,Uninformative,0,,42329,5.290893523408351,
944,Separable,1,TXT:Anterolateral infarct - age undetermined,24196,3.024367683913829,
945,Uninformative,0,,51488,6.435718437318367,
946,Uninformative,0,,59566,7.445424262688507,
947,Separable,1,TXT:Sinus rhythm with bigeminal PVCs,5425,0.6780953333291668,
948,Uninformative,0,,42416,5.301768047647915,
949,Uninformative,0,,588,0.0734967845156774,
950,Uninformative,0,,1417,0.1771172511202635,
951,Uninformative,0,,12765,1.5955551944602424,
952,Uninformative,0,,3,0.0003749835944677,
953,Uninformative,0,,8,0.0009999562519139,
954,Uninformative,0,,75,0.0093745898616935,
955,Uninformative,0,,8,0.0009999562519139,
956,Uninformative,0,,59684,7.460173617404238,
957,Uninformative,0,,2231,0.2788627997525108,
958,Uninformative,0,,56490,7.060941083827583,
959,Uninformative,0,,81209,10.150680907710289,
960,Uninformative,0,,2831,0.3538595186460592,
961,Uninformative,0,,7104,0.8879611516996131,
962,Uninformative,0,,577,0.0721218446692957,
963,Uninformative,0,,16279,2.0347859781134576,
964,Uninformative,0,,3,0.0003749835944677,
965,Uninformative,0,,2,0.0002499890629784,
966,Uninformative,0,,1639,0.2048660371108764,
967,Uninformative,0,,34,0.0042498140706344,
968,Uninformative,0,,1397,0.1746173604904785,
969,Uninformative,0,,1,0.0001249945314892,
970,Uninformative,0,,111834,13.978638434568488,
971,Uninformative,0,,62862,7.857406238477067,
972,Uninformative,0,,11361,1.4200628722493391,
973,Uninformative,0,,16,0.0019999125038279,
974,Uninformative,0,,3556,0.4444805539757636,
975,Uninformative,0,,8309,1.0385795621441565,
976,Separable,1,TXT:Marked sinus bradycardia,14561,1.8200453730149304,
977,Uninformative,0,,71592,8.948608498378196,
978,Uninformative,0,,3,0.0003749835944677,
979,Uninformative,0,,10,0.0012499453148924,
980,Uninformative,0,,28,0.0034998468816989,
981,Uninformative,0,,90428,11.30300549350966,
982,Contributing,0,,70026,8.752867062066034,TXT:Tall T waves - consider acute ischemia o
983,Uninformative,0,,29594,3.699088164892786,
984,Uninformative,0,,1,0.0001249945314892,
985,Uninformative,0,,8246,1.0307049066603335,
986,Uninformative,0,,37132,4.641296943258732,
987,Uninformative,0,,4,0.0004999781259569,
988,Separable,1,TXT:Incomplete RBBB,36070,4.508552750817152,
989,Uninformative,0,,19286,2.4106445343016243,
990,Uninformative,0,,818,0.1022455267582043,
991,Uninformative,0,,7037,0.8795865180898336,
992,Uninformative,0,,19701,2.462517264869662,
993,Uninformative,0,,72,0.0089996062672258,
994,Separable,1,TXT:Marked sinus bradycardia,5999,0.7498421944039948,
995,Uninformative,0,,7050,0.8812114469991937,
996,Uninformative,0,,2,0.0002499890629784,
997,Uninformative,0,,16519,2.064784665670877,
998,Uninformative,0,,825,0.103120488478629,
999,Uninformative,0,,35,0.0043748086021236,
1000,Uninformative,0,,65178,8.146893573406164,
1001,Uninformative,0,,19324,2.415394326498216,
1002,Uninformative,0,,572,0.0714968720118494,
1003,Uninformative,0,,30411,3.801208697119501,
1004,Uninformative,0,,9,0.0011249507834032,
1005,Uninformative,0,,14554,1.819170411294506,
1006,Separable,1,TXT:Atrial flutter with 4:1 A-V block,23051,2.8812489453586405,
1007,Uninformative,0,,84151,10.518414819351651,
1008,Uninformative,0,,38164,4.770291299755636,
1009,Uninformative,0,,5018,0.6272225590130431,
1010,Separable,1,TXT:Sinus rhythm with bigeminal PVCs,8519,1.0648284137568982,
1011,Uninformative,0,,18,0.0022499015668064,
1012,Uninformative,0,,21443,2.680257738723931,
1013,Uninformative,0,,62,0.0077496609523333,
1014,Uninformative,0,,1292,0.1614929346841075,
1015,Uninformative,0,,18868,2.3583968201391188,
1016,Uninformative,0,,20,0.0024998906297849,
1017,Uninformative,0,,24373,3.0464917159874254,
1018,Uninformative,0,,3,0.0003749835944677,
1019,Uninformative,0,,245,0.0306236602148655,
1020,Uninformative,0,,4,0.0004999781259569,
1021,Uninformative,0,,16,0.0019999125038279,
1022,Uninformative,0,,642,0.0802464892160968,
1023,Uninformative,0,,154,0.019249157849344,
1024,Uninformative,0,,17,0.0021249070353172,
1025,Uninformative,0,,273,0.0341235070965645,
1026,Uninformative,0,,354,0.0442480641471935,
1027,Uninformative,0,,863,0.1078702806752204,
1028,Uninformative,0,,3266,0.4082321398438818,
1029,Uninformative,0,,3,0.0003749835944677,
1030,Separable,1,TXT:Atrial-sensed ventricular-paced rhythm,3050,0.3812333210422044,
1031,Uninformative,0,,36427,4.553175798558813,
1032,Uninformative,0,,5798,0.7247182935746561,
1033,Dead,0,,0,0.0,
1034,Uninformative,0,,26869,3.358478066584587,
1035,Uninformative,0,,31733,3.966451467748286,
1036,Uninformative,0,,35245,4.405432262338523,
1037,Uninformative,0,,2,0.0002499890629784,
1038,Contributing,0,,44878,5.609504584174442,TXT:Atrial pacing
1039,Uninformative,0,,8782,1.0977019755385702,
1040,Uninformative,0,,704,0.0879961501684301,
1041,Uninformative,0,,46432,5.803746086108733,
1042,Uninformative,0,,56491,7.061066078359072,
1043,Uninformative,0,,574,0.0717468610748279,
1044,Uninformative,0,,9,0.0011249507834032,
1045,Uninformative,0,,18,0.0022499015668064,
1046,Uninformative,0,,15642,1.955164461554807,
1047,Uninformative,0,,54061,6.7573293668402,
1048,Dead,0,,0,0.0,
1049,Uninformative,0,,11,0.0013749398463817,
1050,Separable,1,TXT:Sinus rhythm with bigeminal PVCs,15742,1.967663914703732,
1051,Uninformative,0,,81,0.010124557050629,
1052,Uninformative,0,,74,0.0092495953302043,
1053,Contributing,0,,83606,10.450292799690011,TXT:Atrial pacing; TXT:Junctional rhythm
1054,Uninformative,0,,4,0.0004999781259569,
1055,Uninformative,0,,12086,1.5106839075790437,
1056,Uninformative,0,,1,0.0001249945314892,
1057,Uninformative,0,,14573,1.8215453073928016,
1058,Uninformative,0,,1204,0.1504934159130538,
1059,Separable,1,"TXT:Extreme tachycardia with wide complex, n",29209,3.6509652702694257,
1060,Uninformative,0,,450,0.0562475391701613,
1061,Uninformative,0,,3621,0.4526051985225646,
1062,Uninformative,0,,915,0.1143699963126613,
1063,Uninformative,0,,275,0.034373496159543,
1064,Uninformative,0,,40168,5.020780340860087,
1065,Contributing,0,,44615,5.57663102239277,TXT:Tall T waves - consider acute ischemia o
1066,Uninformative,0,,67429,8.428256263788459,
1067,Uninformative,0,,1755,0.2193654027636291,
1068,Uninformative,0,,25,0.0031248632872311,
1069,Uninformative,0,,6769,0.8460879836507152,
1070,Uninformative,0,,43225,5.402888623622717,
1071,Uninformative,0,,24026,3.0031186135606567,
1072,Uninformative,0,,6305,0.7880905210397046,
1073,Dead,0,,0,0.0,
1074,Uninformative,0,,6180,0.7724662046035486,
1075,Uninformative,0,,8759,1.0948271013143176,
1076,Uninformative,0,,48711,6.088608623372728,
1077,Uninformative,0,,53282,6.659958626810077,
1078,Uninformative,0,,8816,1.1019517896092046,
1079,Uninformative,0,,2493,0.3116113670026936,
1080,Entangled,2,TXT:Ventricular pacing; TXT:A-V sequential pacemaker,22489,2.8110020186616835,
1081,Uninformative,0,,593,0.0741217571731236,
1082,Uninformative,0,,1,0.0001249945314892,
1083,Uninformative,0,,45,0.0056247539170161,
1084,Uninformative,0,,66623,8.327510671408126,
1085,Uninformative,0,,14,0.0017499234408494,
1086,Uninformative,0,,15,0.0018749179723387,
1087,Uninformative,0,,43,0.0053747648540376,
1088,Uninformative,0,,4012,0.5014780603348603,
1089,Uninformative,0,,7,0.0008749617204247,
1090,Uninformative,0,,8,0.0009999562519139,
1091,Uninformative,0,,50,0.0062497265744623,
1092,Uninformative,0,,3490,0.4362309148974732,
1093,Uninformative,0,,543,0.0678720305986613,
1094,Uninformative,0,,27193,3.398976294787103,
1095,Uninformative,0,,20778,2.597136375283581,
1096,Uninformative,0,,27797,3.4744729918066084,
1097,Uninformative,0,,591,0.0738717681101451,
1098,Uninformative,0,,5,0.0006249726574462,
1099,Uninformative,0,,639,0.079871505621629,
1100,Uninformative,0,,72665,9.082727630666158,
1101,Uninformative,0,,22667,2.8332510452667696,
1102,Uninformative,0,,3953,0.4941033829769947,
1103,Dead,0,,0,0.0,
1104,Uninformative,0,,9932,1.2414456867512047,
1105,Uninformative,0,,3,0.0003749835944677,
1106,Uninformative,0,,15288,1.910916397407613,
1107,Uninformative,0,,1304,0.1629928690619785,
1108,Uninformative,0,,71448,8.930609285843744,
1109,Uninformative,0,,7,0.0008749617204247,
1110,Uninformative,0,,1720,0.2149905941615054,
1111,Uninformative,0,,2,0.0002499890629784,
1112,Uninformative,0,,24785,3.0979894629609954,
1113,Uninformative,0,,1,0.0001249945314892,
1114,Uninformative,0,,3,0.0003749835944677,
1115,Uninformative,0,,662,0.0827463798458817,
1116,Uninformative,0,,37143,4.642671883105114,
1117,Uninformative,0,,367,0.0458729930565537,
1118,Uninformative,0,,19831,2.478766553963264,
1119,Uninformative,0,,22920,2.864874661733549,
1120,Uninformative,0,,19974,2.4966407719662267,
1121,Uninformative,0,,41230,5.153524533301668,
1122,Uninformative,0,,15815,1.9767885155024467,
1123,Uninformative,0,,43149,5.393389039229533,
1124,Separable,1,TXT:RBBB and LAFB,25226,3.1531120513477537,
1125,Uninformative,0,,9,0.0011249507834032,
1126,Uninformative,0,,14,0.0017499234408494,
1127,Uninformative,0,,47670,5.958489316092421,
1128,Uninformative,0,,26254,3.2816064297187,
1129,Uninformative,0,,21819,2.727255682563888,
1130,Uninformative,0,,18117,2.2645259269906943,
1131,Uninformative,0,,14137,1.7670476916634896,
1132,Separable,1,"TXT:ST elev, probable normal early repol pat",42616,5.326766953945765,
1133,Uninformative,0,,11,0.0013749398463817,
1134,Uninformative,0,,13026,1.6281787671789358,
1135,Uninformative,0,,11,0.0013749398463817,
1136,Uninformative,0,,28375,3.546719831007393,
1137,Uninformative,0,,5883,0.7353428287512421,
1138,Uninformative,0,,921,0.1151199635015968,
1139,Uninformative,0,,17460,2.1824045198022586,
1140,Uninformative,0,,31,0.0038748304761666,
1141,Uninformative,0,,10785,1.3480660221115326,
1142,Uninformative,0,,5925,0.7405925990737905,
1143,Uninformative,0,,3,0.0003749835944677,
1144,Uninformative,0,,8561,1.0700781840794464,
1145,Uninformative,0,,17,0.0021249070353172,
1146,Uninformative,0,,953,0.1191197885092527,
1147,Uninformative,0,,6584,0.8229639953252045,
1148,Uninformative,0,,54347,6.793077802846126,
1149,Uninformative,0,,6,0.0007499671889354,
1150,Uninformative,0,,47875,5.984113195047716,
1151,Uninformative,0,,3,0.0003749835944677,
1152,Separable,1,TXT:Sinus rhythm with bigeminal PVCs,4234,0.5292268463254732,
1153,Uninformative,0,,3670,0.4587299305655377,
1154,Uninformative,0,,1,0.0001249945314892,
1155,Separable,1,TXT:Marked sinus bradycardia,8848,1.1059516146168604,
1156,Uninformative,0,,7836,0.9794571487497422,
1157,Uninformative,0,,1,0.0001249945314892,
1158,Uninformative,0,,36804,4.60029873693026,
1159,Uninformative,0,,24873,3.108988981732049,
1160,Uninformative,0,,22823,2.852750192179092,
1161,Uninformative,0,,4904,0.612973182423269,
1162,Uninformative,0,,2430,0.303736711518871,
1163,Entangled,2,"TXT:Abnormal R-wave progression, early trans; TXT:ST elev, probable normal early repol pat",62198,7.774409869568206,
1164,Uninformative,0,,20743,2.5927615666814576,
1165,Uninformative,0,,11,0.0013749398463817,
1166,Uninformative,0,,3,0.0003749835944677,
1167,Separable,1,TXT:Sinus rhythm with bigeminal PVCs,9360,1.169948814739355,
1168,Uninformative,0,,6,0.0007499671889354,
1169,Separable,1,TXT:Anterolateral infarct - age undetermined,35489,4.435930928021899,
1170,Uninformative,0,,19,0.0023748960982956,
1171,Uninformative,0,,473,0.0591224133944139,
1172,Uninformative,0,,61183,7.64754042010662,
1173,Uninformative,0,,2208,0.2759879255282581,
1174,Dead,0,,0,0.0,
1175,Uninformative,0,,40482,5.060028623747711,
1176,Uninformative,0,,8772,1.0964520302236778,
1177,Uninformative,0,,9652,1.2064472179342154,
1178,Uninformative,0,,67839,8.47950402169905,
1179,Uninformative,0,,137,0.0171242508140268,
1180,Uninformative,0,,13,0.0016249289093602,
1181,Uninformative,0,,22,0.0027498796927634,
1182,Uninformative,0,,150101,18.76180417106752,
1183,Uninformative,0,,1838,0.2297399488772366,
1184,Uninformative,0,,28297,3.536970257551232,
1185,Separable,1,TXT:Probable supraventricular tachycardia,10618,1.3271919353528283,
1186,Uninformative,0,,2,0.0002499890629784,
1187,Uninformative,0,,5,0.0006249726574462,
1188,Uninformative,0,,7428,0.9284593799021292,
1189,Uninformative,0,,7632,0.9539582643259358,
1190,Uninformative,0,,42,0.0052497703225483,
1191,Dead,0,,0,0.0,
1192,Uninformative,0,,17,0.0021249070353172,
1193,Uninformative,0,,28569,3.5709687701163078,
1194,Uninformative,0,,25436,3.179360902960496,
1195,Separable,1,TXT:Marked sinus bradycardia,15000,1.8749179723387104,
1196,Uninformative,0,,23615,2.951745861118576,
1197,Uninformative,0,,30362,3.795083965076528,
1198,Separable,1,TXT:Marked sinus bradycardia,16588,2.073409288343635,
1199,Uninformative,0,,3082,0.3852331460498603,
1200,Uninformative,0,,30,0.0037498359446774,
1201,Uninformative,0,,3,0.0003749835944677,
1202,Uninformative,0,,12714,1.5891804733542907,
1203,Dead,0,,0,0.0,
1204,Entangled,3,"TXT:Sinus rhythm with bigeminal PVCs; TXT:Atrial flutter with uncontrolled ventric; TXT:Extreme tachycardia with wide complex, n",30730,3.8410819526645703,
1205,Uninformative,0,,83,0.0103745461136075,
1206,Uninformative,0,,3,0.0003749835944677,
1207,Uninformative,0,,2,0.0002499890629784,
1208,Uninformative,0,,13763,1.7202997368865112,
1209,Entangled,2,"TXT:Abnormal R-wave progression, early trans; TXT:RBBB and LAFB",36080,4.509802696132044,
1210,Uninformative,0,,163,0.0203741086327473,
1211,Entangled,2,TXT:Atrial fibrillation with slow ventricula; TXT:Marked sinus bradycardia,40283,5.035154711981351,
1212,Uninformative,0,,46878,5.859493647152937,
1213,Uninformative,0,,25,0.0031248632872311,
1214,Uninformative,0,,15,0.0018749179723387,
1215,Uninformative,0,,16360,2.0449105351640866,
1216,Uninformative,0,,1,0.0001249945314892,
1217,Uninformative,0,,28394,3.549094727105689,
1218,Uninformative,0,,8249,1.0310798902548013,
1219,Uninformative,0,,3041,0.3801083702588012,
1220,Separable,1,TXT:Atrial-sensed ventricular-paced rhythm,13813,1.7265494634609737,
1221,Uninformative,0,,7056,0.8819614141881292,
1222,Uninformative,0,,27559,3.444724293312168,
1223,Separable,1,TXT:RBBB and LAFB,42769,5.34589111726362,
1224,Dead,0,,0,0.0,
1225,Uninformative,0,,1,0.0001249945314892,
1226,Uninformative,0,,11968,1.4959345528633123,
1227,Uninformative,0,,3991,0.4988531751735862,
1228,Uninformative,0,,41496,5.186773078677808,
1229,Uninformative,0,,26198,3.274606735955302,
1230,Uninformative,0,,5781,0.7225933865393389,
1231,Uninformative,0,,43256,5.406763454098884,
1232,Uninformative,0,,5302,0.6627210059559894,
1233,Contributing,0,,90163,11.269881942665007,TXT:Atrial pacing; TXT:Junctional rhythm
1234,Uninformative,0,,8380,1.0474541738798928,
1235,Uninformative,0,,71024,8.877611604492303,
1236,Uninformative,0,,37,0.0046247976651021,
1237,Uninformative,0,,2,0.0002499890629784,
1238,Uninformative,0,,794,0.0992456580024623,
1239,Uninformative,0,,55787,6.973069928190641,
1240,Uninformative,0,,87,0.0108745242395645,
1241,Uninformative,0,,12469,1.5585568131394252,
1242,Uninformative,0,,11393,1.424062697256995,
1243,Separable,1,TXT:Marked sinus bradycardia,6848,0.8559625516383659,
1244,Separable,1,TXT:Marked sinus bradycardia,8306,1.0382045785496885,
1245,Uninformative,0,,8718,1.0897023255232583,
1246,Entangled,2,TXT:Atrial fibrillation with slow ventricula; TXT:Possible idioventricular rhythm with slo,22521,2.81500184366934,
1247,Uninformative,0,,29823,3.727711912603824,
1248,Uninformative,0,,44191,5.52363334104133,
1249,Uninformative,0,,22,0.0027498796927634,
1250,Uninformative,0,,26330,3.2911060141118824,
1251,Uninformative,0,,44255,5.531632991056641,
1252,Entangled,5,TXT:Ventricular pacing; TXT:A-V sequential pacemaker; TXT:Extensive infarct - age undetermined; TXT:Accelerated idioventricular rhythm; TXT:Atrial-sensed ventricular-paced rhythm,32631,4.07869655702563,
1253,Uninformative,0,,1,0.0001249945314892,
1254,Uninformative,0,,66010,8.250889023605218,
1255,Uninformative,0,,34528,4.315811183260732,
1256,Uninformative,0,,17,0.0021249070353172,
1257,Uninformative,0,,17062,2.1326566962695384,
1258,Uninformative,0,,629,0.0786215603067365,
1259,Uninformative,0,,52053,6.506340347609792,
1260,Uninformative,0,,71901,8.987231808608373,
1261,Uninformative,0,,1,0.0001249945314892,
1262,Uninformative,0,,37564,4.695294580862087,
1263,Uninformative,0,,1,0.0001249945314892,
1264,Uninformative,0,,64,0.0079996500153118,
1265,Uninformative,0,,3444,0.4304811664489678,
1266,Uninformative,0,,33938,4.242064409682077,
1267,Uninformative,0,,44516,5.564256563775335,
1268,Uninformative,0,,33179,4.147193560281738,
1269,Uninformative,0,,27781,3.4724730793027807,
1270,Uninformative,0,,15,0.0018749179723387,
1271,Uninformative,0,,525,0.0656221290318548,
1272,Uninformative,0,,3,0.0003749835944677,
1273,Entangled,4,"TXT:Abnormal R-wave progression, early trans; TXT:RBBB and LAFB; TXT:ST elev, probable normal early repol pat; TXT:Atrial-sensed ventricular-paced rhythm",102281,12.784565675251708,TXT:Atrial pacing; TXT:Tall T waves - consider acute ischemia o
1274,Uninformative,0,,26436,3.304355434449743,
1275,Uninformative,0,,1551,0.1938665183398226,
1276,Uninformative,0,,33285,4.160442980619598,
1277,Uninformative,0,,41993,5.248895360827964,
1278,Uninformative,0,,8912,1.1139512646321723,
1279,Uninformative,0,,9,0.0011249507834032,
1280,Uninformative,0,,697,0.0871211884480054,
1281,Uninformative,0,,16260,2.032411082015162,
1282,Uninformative,0,,2,0.0002499890629784,
1283,Uninformative,0,,6700,0.8374633609779573,
1284,Uninformative,0,,3,0.0003749835944677,
1285,Uninformative,0,,5724,0.7154686982444518,
1286,Uninformative,0,,26406,3.300605598505065,
1287,Uninformative,0,,78275,9.783946952320836,
1288,Uninformative,0,,37824,4.727793159049291,
1289,Uninformative,0,,2093,0.2616135544069947,
1290,Uninformative,0,,19232,2.403894829601205,
1291,Uninformative,0,,41,0.0051247757910591,
1292,Uninformative,0,,63156,7.8941546307349055,
1293,Uninformative,0,,3983,0.4978532189216721,
1294,Uninformative,0,,18663,2.332772941183823,
1295,Uninformative,0,,9705,1.2130719281031457,
1296,Uninformative,0,,30513,3.813958139331404,
1297,Uninformative,0,,6472,0.8089646077984088,
1298,Uninformative,0,,12776,1.596930134306624,
1299,Uninformative,0,,6,0.0007499671889354,
1300,Uninformative,0,,22519,2.814751854606361,
1301,Uninformative,0,,44521,5.5648815364327815,
1302,Uninformative,0,,10672,1.3339416400532478,
1303,Uninformative,0,,6044,0.7554669483210109,
1304,Uninformative,0,,7,0.0008749617204247,
1305,Uninformative,0,,6,0.0007499671889354,
1306,Uninformative,0,,132,0.0164992781565806,
1307,Uninformative,0,,69301,8.66224602673633,
1308,Uninformative,0,,10642,1.3301918041085703,
1309,Uninformative,0,,35,0.0043748086021236,
1310,Uninformative,0,,1,0.0001249945314892,
1311,Separable,1,TXT:Atrial flutter with uncontrolled ventric,27388,3.4233502284275064,
1312,Uninformative,0,,5703,0.7128438130831776,
1313,Uninformative,0,,2506,0.3132362959120539,
1314,Uninformative,0,,23425,2.927996900135619,
1315,Uninformative,0,,22373,2.7965026530089307,
1316,Uninformative,0,,43712,5.46376096045798,
1317,Uninformative,0,,175,0.0218740430106182,
1318,Uninformative,0,,28270,3.5335954052010226,
1319,Uninformative,0,,24709,3.0884898785678128,
1320,Uninformative,0,,20732,2.591386626835076,
1321,Separable,1,TXT:Probable junctional rhythm,100926,12.615198085083778,
1322,Uninformative,0,,18704,2.3378977169748825,
1323,Uninformative,0,,40431,5.053653902641759,
1324,Uninformative,0,,13,0.0016249289093602,
1325,Uninformative,0,,60886,7.610417044254314,
1326,Uninformative,0,,1,0.0001249945314892,
1327,Uninformative,0,,177,0.0221240320735967,
1328,Uninformative,0,,20792,2.5988862987244308,
1329,Uninformative,0,,11358,1.4196878886548714,
1330,Uninformative,0,,5927,0.7408425881367691,
1331,Uninformative,0,,10,0.0012499453148924,
1332,Uninformative,0,,8,0.0009999562519139,
1333,Uninformative,0,,2,0.0002499890629784,
1334,Uninformative,0,,83,0.0103745461136075,
1335,Uninformative,0,,46290,5.785996862637259,
1336,Uninformative,0,,15627,1.953289543582468,
1337,Uninformative,0,,9,0.0011249507834032,
1338,Uninformative,0,,12,0.0014999343778709,
1339,Uninformative,0,,30147,3.76821014080634,
1340,Uninformative,0,,69184,8.647621666552089,
1341,Uninformative,0,,35211,4.401182448267888,
1342,Uninformative,0,,3,0.0003749835944677,
1343,Uninformative,0,,21728,2.7158811801983664,
1344,Separable,1,TXT:Probable supraventricular tachycardia,37789,4.723418350447168,
1345,Uninformative,0,,8259,1.032329835569694,
1346,Uninformative,0,,31,0.0038748304761666,
1347,Uninformative,0,,1,0.0001249945314892,
1348,Uninformative,0,,9,0.0011249507834032,
1349,Uninformative,0,,15974,1.9966626460092367,
1350,Separable,1,TXT:RBBB and LAFB,11663,1.457811220759092,
1351,Uninformative,0,,1869,0.2336147793534033,
1352,Dead,0,,0,0.0,
1353,Entangled,2,TXT:Probable supraventricular tachycardia; TXT:Atrial flutter with uncontrolled ventric,2620,0.327485672501828,
1354,Contributing,0,,87003,10.874899223158987,TXT:Tall T waves - consider acute ischemia o
1355,Uninformative,0,,224,0.0279987750535914,
1356,Uninformative,0,,1439,0.1798671308130269,
1357,Uninformative,0,,654,0.0817464235939677,
1358,Uninformative,0,,30048,3.755835682188904,
1359,Uninformative,0,,2219,0.2773628653746398,
1360,Uninformative,0,,27,0.0033748523502096,
1361,Uninformative,0,,15,0.0018749179723387,
1362,Uninformative,0,,34397,4.299436899635641,
1363,Uninformative,0,,1,0.0001249945314892,
1364,Uninformative,0,,17807,2.2257776222290278,
1365,Uninformative,0,,37544,4.692794690232303,
1366,Uninformative,0,,6476,0.8094645859243658,
1367,Separable,1,TXT:Probable supraventricular tachycardia,14763,1.8452942683757585,
1368,Uninformative,0,,17,0.0021249070353172,
1369,Uninformative,0,,12,0.0014999343778709,
1370,Uninformative,0,,26,0.0032498578187204,
1371,Uninformative,0,,57340,7.167186435593443,
1372,Uninformative,0,,30369,3.7959589267969527,
1373,Uninformative,0,,67596,8.449130350547163,
1374,Uninformative,0,,21483,2.6852575199835007,
1375,Uninformative,0,,43866,5.483010118307324,
1376,Uninformative,0,,36376,4.546801077452861,
1377,Uninformative,0,,24149,3.018492940933834,
1378,Separable,1,TXT:RBBB and LAFB,9012,1.1264507177810972,
1379,Uninformative,0,,17141,2.1425312642571885,
1380,Uninformative,0,,1653,0.2066159605517258,
1381,Separable,1,TXT:Sinus rhythm with bigeminal PVCs,6308,0.7884655046341723,
1382,Uninformative,0,,6879,0.8598373821145325,
1383,Uninformative,0,,23226,2.903122988369258,
1384,Dead,0,,0,0.0,
1385,Uninformative,0,,17,0.0021249070353172,
1386,Uninformative,0,,9,0.0011249507834032,
1387,Uninformative,0,,8759,1.0948271013143176,
1388,Uninformative,0,,5,0.0006249726574462,
1389,Uninformative,0,,5495,0.6868449505334142,
1390,Uninformative,0,,4,0.0004999781259569,
1391,Uninformative,0,,7749,0.9685826245101776,
1392,Separable,1,TXT:Incomplete RBBB,30384,3.797833844769291,
1393,Uninformative,0,,24356,3.0443668089521085,
1394,Uninformative,0,,23093,2.886498715681189,
1395,Separable,1,"TXT:ST elev, probable normal early repol pat",60267,7.53304542926247,
1396,Uninformative,0,,1,0.0001249945314892,
1397,Uninformative,0,,34136,4.266813326916948,
1398,Uninformative,0,,33219,4.152193341541308,
1399,Uninformative,0,,2773,0.3466098358196829,
1400,Uninformative,0,,23385,2.922997118876049,
1401,Uninformative,0,,5,0.0006249726574462,
1402,Uninformative,0,,27059,3.382227027567544,
1403,Uninformative,0,,114936,14.366371471248131,
1404,Uninformative,0,,738,0.0922459642390645,
1405,Uninformative,0,,2,0.0002499890629784,
1406,Uninformative,0,,8,0.0009999562519139,
1407,Uninformative,0,,23,0.0028748742242526,
1408,Uninformative,0,,17212,2.1514058759929253,
1409,Uninformative,0,,102757,12.844063072240589,
1410,Uninformative,0,,5952,0.7439674514240002,
1411,Dead,0,,0,0.0,
1412,Uninformative,0,,14972,1.8714181254570117,
1413,Uninformative,0,,5628,0.7034692232214841,
1414,Uninformative,0,,38045,4.755416950508415,
1415,Uninformative,0,,153,0.0191241633178548,
1416,Uninformative,0,,22,0.0027498796927634,
1417,Uninformative,0,,2655,0.3318604811039517,
1418,Uninformative,0,,16476,2.0594099008168394,
1419,Separable,1,TXT:Atrial fibrillation with slow ventricula,47064,5.882742630009937,
1420,Uninformative,0,,10133,1.2665695875805434,
1421,Uninformative,0,,11973,1.4965595255207584,
1422,Uninformative,0,,1,0.0001249945314892,
1423,Uninformative,0,,2,0.0002499890629784,
1424,Uninformative,0,,3,0.0003749835944677,
1425,Uninformative,0,,139,0.0173742398770053,
1426,Uninformative,0,,607,0.0758716806139731,
1427,Uninformative,0,,6079,0.7598417569231346,
1428,Uninformative,0,,6,0.0007499671889354,
1429,Uninformative,0,,26545,3.3179798383820707,
1430,Uninformative,0,,116,0.0144993656527526,
1431,Uninformative,0,,20801,2.6000112495078342,
1432,Uninformative,0,,11186,1.3981888292387208,
1433,Uninformative,0,,30,0.0037498359446774,
1434,Uninformative,0,,39899,4.98715681188948,
1435,Uninformative,0,,18021,2.2525264519677264,
1436,Uninformative,0,,3,0.0003749835944677,
1437,Dead,0,,0,0.0,
1438,Uninformative,0,,17704,2.212903185485635,
1439,Uninformative,0,,83697,10.461667302055536,
1440,Uninformative,0,,24197,3.024492678445318,
1441,Uninformative,0,,26293,3.2864812164467803,
1442,Uninformative,0,,203,0.0253738898923172,
1443,Uninformative,0,,10002,1.250195303955452,
1444,Uninformative,0,,50432,6.303724212065722,
1445,Uninformative,0,,54207,6.775578568437631,
1446,Uninformative,0,,27927,3.4907222809002105,
1447,Uninformative,0,,9,0.0011249507834032,
1448,Uninformative,0,,15035,1.8792927809408335,
1449,Separable,1,TXT:RBBB and LAFB,29443,3.6802139906379097,
1450,Uninformative,0,,747,0.0933709150224677,
1451,Uninformative,0,,2,0.0002499890629784,
1452,Uninformative,0,,17699,2.212278212828189,
1453,Entangled,2,TXT:Probable supraventricular tachycardia; TXT:Atrial flutter with uncontrolled ventric,2512,0.3139862631009893,
1454,Uninformative,0,,68261,8.532251713987513,
1455,Uninformative,0,,23464,2.9328716868637,
1456,Uninformative,0,,8918,1.1147012318211078,
1457,Uninformative,0,,5407,0.6758454317623604,
1458,Uninformative,0,,3,0.0003749835944677,
1459,Uninformative,0,,2,0.0002499890629784,
1460,Uninformative,0,,1,0.0001249945314892,
1461,Uninformative,0,,38162,4.770041310692657,
1462,Uninformative,0,,3,0.0003749835944677,
1463,Uninformative,0,,24426,3.053116426156356,
1464,Uninformative,0,,921,0.1151199635015968,
1465,Uninformative,0,,3435,0.4293562156655646,
1466,Uninformative,0,,19335,2.416769266344597,
1467,Uninformative,0,,5528,0.6909697700725593,
1468,Uninformative,0,,1246,0.1557431862356021,
1469,Uninformative,0,,8,0.0009999562519139,
1470,Uninformative,0,,2,0.0002499890629784,
1471,Uninformative,0,,6704,0.8379633391039142,
1472,Uninformative,0,,8,0.0009999562519139,
1473,Uninformative,0,,42,0.0052497703225483,
1474,Uninformative,0,,23,0.0028748742242526,
1475,Entangled,2,"TXT:Abnormal R-wave progression, early trans; TXT:ST elev, probable normal early repol pat",55056,6.881698925672002,
1476,Uninformative,0,,35,0.0043748086021236,
1477,Entangled,2,TXT:Accelerated idioventricular rhythm; TXT:Possible idioventricular rhythm with slo,42316,5.28926859449899,
1478,Contributing,0,,44976,5.621754048260389,TXT:Junctional rhythm
1479,Uninformative,0,,19446,2.430643659339904,
1480,Uninformative,0,,4252,0.5314767478922797,
1481,Uninformative,0,,2,0.0002499890629784,
1482,Uninformative,0,,10959,1.3698150705906618,
1483,Uninformative,0,,14869,1.8585436887136189,
1484,Uninformative,0,,86018,10.751779609642078,
1485,Uninformative,0,,14,0.0017499234408494,
1486,Uninformative,0,,2958,0.3697338241451936,
1487,Entangled,2,TXT:Atrial fibrillation with slow ventricula; TXT:Marked sinus bradycardia,35851,4.481178948421007,TXT:Atrial pacing
1488,Uninformative,0,,16,0.0019999125038279,
1489,Uninformative,0,,69682,8.709868943233733,
1490,Uninformative,0,,13035,1.629303717962339,
1491,Uninformative,0,,6,0.0007499671889354,
1492,Uninformative,0,,57903,7.237558356821889,
1493,Uninformative,0,,2,0.0002499890629784,
1494,Uninformative,0,,15709,1.9635390951645864,
1495,Uninformative,0,,5410,0.6762204153568281,
1496,Uninformative,0,,2,0.0002499890629784,
1497,Uninformative,0,,5351,0.6688457379989625,
1498,Uninformative,0,,35325,4.415431824857662,
1499,Entangled,4,"TXT:Probable sinus tachycardia; TXT:Probable supraventricular tachycardia; TXT:Atrial flutter with uncontrolled ventric; TXT:Extreme tachycardia with wide complex, n",4104,0.5129775572318711,
1500,Uninformative,0,,16712,2.0889086102483017,
1501,Uninformative,0,,2099,0.2623635215959302,
1502,Uninformative,0,,859,0.1073703025492634,
1503,Uninformative,0,,15,0.0018749179723387,
1504,Uninformative,0,,29960,3.74483616341785,
1505,Dead,0,,0,0.0,
1506,Uninformative,0,,4,0.0004999781259569,
1507,Uninformative,0,,2,0.0002499890629784,
1508,Separable,1,TXT:Marked sinus bradycardia,9036,1.129450586536839,
1509,Uninformative,0,,10066,1.2581949539707638,
1510,Uninformative,0,,60623,7.577543482472642,
1511,Uninformative,0,,13339,1.6673020555350704,
1512,Uninformative,0,,51,0.0063747211059516,
1513,Separable,1,TXT:A-V sequential pacemaker,20996,2.624385183148237,
1514,Uninformative,0,,21354,2.669133225421388,
1515,Uninformative,0,,14975,1.871793109051479,
1516,Uninformative,0,,211,0.0263738461442311,
1517,Uninformative,0,,56129,7.015818057959964,
1518,Uninformative,0,,24038,3.004618547938528,
1519,Uninformative,0,,52014,6.501465560881711,
1520,Uninformative,0,,75994,9.498834425993865,
1521,Uninformative,0,,56,0.0069996937633978,
1522,Dead,0,,0,0.0,
1523,Separable,1,TXT:Probable sinus tachycardia,2231,0.2788627997525108,
1524,Contributing,0,,118809,14.850475291705989,TXT:Tall T waves - consider acute ischemia o
1525,Uninformative,0,,56963,7.120063497221997,
1526,Separable,1,TXT:Sinus rhythm with bigeminal PVCs,10059,1.257319992250339,
1527,Uninformative,0,,20449,2.5560131744236188,
1528,Uninformative,0,,16,0.0019999125038279,
1529,Uninformative,0,,2351,0.2938621435312205,
1530,Uninformative,0,,1550,0.1937415238083334,
1531,Uninformative,0,,2435,0.3043616841763172,
1532,Uninformative,0,,31501,3.937452736442781,
1533,Uninformative,0,,18123,2.26527589417963,
1534,Uninformative,0,,10,0.0012499453148924,
1535,Uninformative,0,,5348,0.6684707544044948,
